bbsname,cname,ename,sname,shortname
灰雁,灰雁,Graylag Goose,Anser anser,"GRGO,ANAN"
灰雁(馴化),灰雁(馴化),Graylag Goose (Domestic type),Anser anser (Domestic type),"GRGO,ANAN"
鴻雁,鴻雁,Swan Goose,Anser cygnoides,"SWGO,ANCY"
鴻雁(馴化),鴻雁(馴化),Swan Goose (Domestic type),Anser cygnoides (Domestic type),"SWGO,ANCY"
白額雁,白額雁,Greater White-fronted Goose,Anser albifrons,"GWFG,ANAL"
小白額雁,小白額雁,Lesser White-fronted Goose,Anser erythropus,"LWFG,ANER"
白額雁/小白額雁,白額雁/小白額雁,Greater/Lesser White-fronted Goose,Anser albifrons/erythropus,
寒林豆雁,寒林豆雁,Taiga Bean-Goose,Anser fabalis,"TABG,TBGO,ANFA"
凍原豆雁,凍原豆雁,Tundra Bean-Goose,Anser serrirostris,"TUBG,TBGO,ANSE"
寒林/凍原豆雁,寒林/凍原豆雁,Taiga/Tundra Bean-Goose,Anser fabalis/serrirostris,"TABG,TUBG,TBGO,ANSE,ANFA"
家鵝(馴化),家鵝(馴化),Domestic goose sp. (Domestic type),Anser sp. (Domestic type),DGSP
雁屬(XX雁),雁屬,Anser sp.,Anser sp.,
雁類(XX雁),雁類,goose sp.,Anser/Branta sp.,
黑天鵝,黑天鵝,Black Swan,Cygnus atratus,"BLSW,CYAT"
小天鵝,小天鵝,Tundra Swan,Cygnus columbianus,"TUSW,BESW,CYCO"
黃嘴天鵝,黃嘴天鵝,Whooper Swan,Cygnus cygnus,"WHOS,WHSW,CYCY"
小/黃嘴天鵝,小/黃嘴天鵝,Tundra/Whooper Swan,Cygnus columbianus/cygnus,
天鵝屬(XX天鵝),天鵝屬,swan sp.,Cygnus sp.,
瀆鳧,瀆鳧,Ruddy Shelduck,Tadorna ferruginea,"RUSH,TAFE"
花鳧,花鳧,Common Shelduck,Tadorna tadorna,"COMS,COSH,TATA"
疣鼻棲鴨(薑母鴨)(馴化),疣鼻棲鴨(薑母鴨)(馴化),Muscovy Duck (Domestic type),Cairina moschata (Domestic type),"MUDU,CAMO"
棉鴨,棉鴨,Cotton Pygmy-Goose,Nettapus coromandelianus,"COPG,CPGO,NECO"
鴛鴦,鴛鴦,Mandarin Duck,Aix galericulata,"MADU,AIGA"
巴鴨,巴鴨,Baikal Teal,Sibirionetta formosa,"BATE,SIFO"
白眉鴨,白眉鴨,Garganey,Spatula querquedula,"GARG,SPQU"
琵嘴鴨,琵嘴鴨,Northern Shoveler,Spatula clypeata,"NSHO,KOMO,NOSH,SPCL"
赤膀鴨,赤膀鴨,Gadwall,Mareca strepera,"GADW,MAST"
羅文鴨,羅文鴨,Falcated Duck,Mareca falcata,"FADU,MAFA"
赤頸鴨,赤頸鴨,Eurasian Wigeon,Mareca penelope,"EUWI,MAPE"
葡萄胸鴨,葡萄胸鴨,American Wigeon,Mareca americana,"AMWI,MAAM"
花嘴鴨,花嘴鴨,Eastern Spot-billed Duck,Anas zonorhyncha,"ESBD,ANZO"
綠頭鴨,綠頭鴨,Mallard,Anas platyrhynchos,"MALL,ANPL"
綠頭鴨(馴化),綠頭鴨(馴化),Mallard (Domestic type),Anas platyrhynchos (Domestic type),"MALL,ANPL"
尖尾鴨,尖尾鴨,Northern Pintail,Anas acuta,"NOPI,KOMA,ANAC"
小水鴨,小水鴨,Green-winged Teal,Anas crecca,"GWTE,EUTE,EGWT,EWTE,ANCR"
白眉鴨/小水鴨,白眉鴨/小水鴨,Garganey/Green-winged Teal,Spatula querquedula/Anas crecca,
鴨屬(XX鴨),鴨屬,Anas sp.,Anas sp.,
紅頭潛鴨,紅頭潛鴨,Common Pochard,Aythya ferina,"COMP,COPO,AYFE"
白眼潛鴨,白眼潛鴨,Ferruginous Duck,Aythya nyroca,"FEDU,AYNY"
青頭潛鴨,青頭潛鴨,Baer's Pochard,Aythya baeri,"BAPO,AYBA"
白眼/青頭潛鴨,白眼/青頭潛鴨,Ferruginous Duck/Baer's Pochard,Aythya nyroca/baeri,
鳳頭潛鴨,鳳頭潛鴨,Tufted Duck,Aythya fuligula,"TUDU,AYFU"
斑背潛鴨,斑背潛鴨,Greater Scaup,Aythya marila,"GRSC,AYMA"
潛鴨屬(XX潛鴨),潛鴨屬,Aythya sp.,Aythya sp.,
白秋沙,白秋沙,Smew,Mergellus albellus,"SMEW,MEAL"
川秋沙,川秋沙,Common Merganser,Mergus merganser,"COME,GOOS,MEME"
紅胸秋沙,紅胸秋沙,Red-breasted Merganser,Mergus serrator,"RBME,MESE"
川秋沙/紅胸秋沙,川秋沙/紅胸秋沙,Common/Red-breasted Merganser,Mergus merganser/serrator,
唐秋沙,唐秋沙,Scaly-sided Merganser,Mergus squamatus,"SSME,MESQ"
秋沙類(XX秋沙),秋沙類,merganser sp.,Mergellus/Lophodytes/Mergus sp.,
鴨類(鴨亞科)(XX鴨),鴨類(鴨亞科),duck sp.,Anatinae sp.,
雁鴨類(雁鴨科)(XX雁鴨),雁鴨類(雁鴨科),waterfowl sp.,Anatidae sp.,UNDU
普通珠雞(馴化),普通珠雞(馴化),Helmeted Guineafowl (Domestic type),Numida meleagris (Domestic type),"HEGU,NUME"
台灣山鷓鴣,台灣山鷓鴣,Taiwan Partridge,Arborophila crudigularis,"TAPA,ARCR"
藍孔雀,藍孔雀,Indian Peafowl,Pavo cristatus,"INPE,PACR"
藍孔雀(馴化),藍孔雀(馴化),Indian Peafowl (Domestic type),Pavo cristatus (Domestic type),
小鵪鶉,小鵪鶉,Blue-breasted Quail,Synoicus chinensis,"KIQU,BBQU,SYCH"
鵪鶉,鵪鶉,Japanese Quail,Coturnix japonica,"JAQU,COJA"
台灣竹雞,台灣竹雞,Taiwan Bamboo-Partridge,Bambusicola sonorivox,"TABP,TBPA,BASO"
臺灣竹雞,台灣竹雞,Taiwan Bamboo-Partridge,Bambusicola sonorivox,"TABP,TBPA,BASO"
黑長尾雉,黑長尾雉,Mikado Pheasant,Syrmaticus mikado,"MIPH,SYMI"
帝雉,黑長尾雉,Mikado Pheasant,Syrmaticus mikado,"MIPH,SYMI"
環頸雉,環頸雉,Ring-necked Pheasant,Phasianus colchicus,"RNEP,RNPH,COPH,PHCO"
藍腹鷴,藍腹鷴,Swinhoe's Pheasant,Lophura swinhoii,"SWPH,LOSW"
雉類(雉亞科),雉類(雉亞科),pheasant sp.,Phasianinae sp.,
火雞(馴化),火雞(馴化),Wild Turkey (Domestic type),Meleagris gallopavo (Domestic type),"WITU,MEGA"
大紅鸛,大紅鸛,Greater Flamingo,Phoenicopterus roseus,"GRFL,PHRO"
小鸊鷉,小鸊鷉,Little Grebe,Tachybaptus ruficollis,"LIGR,TARU"
冠鸊鷉,冠鸊鷉,Great Crested Grebe,Podiceps cristatus,"GCGR,POCR"
黑頸鸊鷉,黑頸鸊鷉,Eared Grebe,Podiceps nigricollis,"EAGR,BNGR,PONI"
鸊鷉屬(XX鸊鷉),鸊鷉屬,Podiceps sp.,Podiceps sp.,
鸊鷈科(XX鸊鷉),鸊鷈科,grebe sp.,Podicipedidae sp.,
野鴿(野化),野鴿(野化),Rock Pigeon (Feral Pigeon),Columba livia (Feral Pigeon),"ROPI,ROPI,FEPI,MANŪ,RODO,COLI"
灰林鴿,灰林鴿,Ashy Wood-Pigeon,Columba pulchricollis,"ASWP,AWPI,COPU"
黑林鴿,黑林鴿,Japanese Wood-Pigeon,Columba janthina,"JWPI,JAWP,COJA"
鴿屬(XX鴿),鴿屬,Columba sp.,Columba sp.,
金背鳩,金背鳩,Oriental Turtle-Dove,Streptopelia orientalis,"ORTD,OTDO,RTDO,STOR"
灰斑鳩,灰斑鳩,Eurasian Collared-Dove,Streptopelia decaocto,"EUCD,CODO,ECDO,STDE"
紅鳩,紅鳩,Red Collared-Dove,Streptopelia tranquebarica,"RCDO,RECD,RTDO,STTR"
珠頸斑鳩,珠頸斑鳩,Spotted Dove,Streptopelia chinensis,"SPDO,STCH"
斑鳩屬(XX鳩),斑鳩屬,Streptopelia sp.,Streptopelia sp.,
斑尾鵑鳩,斑尾鵑鳩,Barred Cuckoo-Dove,Macropygia unchall,"BACD,BCDO,MAUN"
長尾鳩,長尾鳩,Philippine Cuckoo-Dove,Macropygia tenuirostris,"PHCD,PCDO,MATE"
翠翼鳩,翠翼鳩,Asian Emerald Dove,Chalcophaps indica,"AEDO,CEDO,CHIN"
斑馬鳩,斑馬鳩,Zebra Dove,Geopelia striata,"ZEBD,ZEDO,GEST"
綠鳩,綠鳩,White-bellied Green-Pigeon,Treron sieboldii,"WBPI,WBGP,TRSI"
紅頭綠鳩,紅頭綠鳩,Whistling Green-Pigeon,Treron formosae,"WGPI,WHGP,TRFO"
綠鳩屬(XX綠鳩),綠鳩屬,green-pigeon sp.,Treron sp.,
小綠鳩,小綠鳩,Black-chinned Fruit-Dove,Ptilinopus leclancheri,"BCFD,PTLE"
鳩鴿科(XX鳩鴿),鳩鴿科,pigeon/dove sp.,Columbidae sp.,
褐翅鴉鵑,褐翅鴉鵑,Greater Coucal,Centropus sinensis,"GRCO,CESI"
番鵑,番鵑,Lesser Coucal,Centropus bengalensis,"LECO,CEBE"
鴉鵑屬,鴉鵑屬,coucal sp.,Centropus sp.,
冠郭公,冠郭公,Chestnut-winged Cuckoo,Clamator coromandus,"CWCU,CLCO"
斑翅鳳頭鵑,斑翅鳳頭鵑,Pied Cuckoo,Clamator jacobinus,"PICU,JACU,CLJA"
噪鵑,噪鵑,Asian Koel,Eudynamys scolopaceus,"ASKO,EUSC"
八聲杜鵑,八聲杜鵑,Plaintive Cuckoo,Cacomantis merulinus,"PLCU,CAME"
方尾烏鵑,方尾烏鵑,Square-tailed Drongo-Cuckoo,Surniculus lugubris,"STDC,SULU"
鷹鵑,鷹鵑,Large Hawk-Cuckoo,Hierococcyx sparverioides,"LHCU,LAHC,HISP"
北方鷹鵑,北方鷹鵑,Northern Hawk-Cuckoo,Hierococcyx hyperythrus,"NHCU,NOHC,RUHC,RHCU,HIHY"
棕腹鷹鵑,棕腹鷹鵑,Hodgson's Hawk-Cuckoo,Hierococcyx nisicolor,"HOHC,HHCU,HINI"
鷹鵑屬,鷹鵑屬,hawk-cuckoo sp.,Hierococcyx sp.,
小杜鵑,小杜鵑,Lesser Cuckoo,Cuculus poliocephalus,"LECU,CUPO"
四聲杜鵑,四聲杜鵑,Indian Cuckoo,Cuculus micropterus,"INCU,CUMI"
大杜鵑,大杜鵑,Common Cuckoo,Cuculus canorus,"COCU,CUCA"
北方中杜鵑,北方中杜鵑,Oriental Cuckoo,Cuculus optatus,"ORCU,CUOP"
大杜鵑/北方中杜鵑,大杜鵑/北方中杜鵑,Common/Oriental Cuckoo,Cuculus canorus/optatus,"ORCU,COCU,CUOP,CUCA"
杜鵑屬(XX杜鵑),杜鵑屬,Cuculus sp.,Cuculus sp.,
杜鵑科,杜鵑科,cuckoo sp. (Cuculidae sp.),Cuculidae sp.,
普通夜鷹,普通夜鷹,Gray Nightjar,Caprimulgus jotaka,"GRNI,CAJO"
南亞夜鷹,南亞夜鷹,Savanna Nightjar,Caprimulgus affinis,"SANI,CAAF"
夜鷹屬(XX夜鷹),夜鷹屬,Caprimulgus sp.,Caprimulgus sp.,
白喉針尾雨燕,白喉針尾雨燕,White-throated Needletail,Hirundapus caudacutus,"WTNE,HICA"
灰喉針尾雨燕,灰喉針尾雨燕,Silver-backed Needletail,Hirundapus cochinchinensis,"SBNE,HICO"
針尾雨燕屬(XX針尾雨燕),針尾雨燕屬,Hirundapus sp.,Hirundapus sp.,
短嘴金絲燕,短嘴金絲燕,Himalayan Swiftlet,Aerodramus brevirostris,"HISW,AEBR"
傑曼氏金絲燕,傑曼氏金絲燕,Germain's Swiftlet,Aerodramus germani,"GESW,AEGE"
叉尾雨燕,叉尾雨燕,Pacific Swift,Apus pacificus,"FTSW,PASW,APPA"
小雨燕,小雨燕,House Swift,Apus nipalensis,"HOSW,APNI"
雨燕屬(XX雨燕),雨燕屬,Apus sp.,Apus sp.,
雨燕科(XX雨燕),雨燕科,swift sp.,Apodidae sp.,
西方秧雞,西方秧雞,Water Rail,Rallus aquaticus,"WEWR,WARA,RAAQ"
東亞秧雞,東亞秧雞,Brown-cheeked Rail,Rallus indicus,"BCRA,RAIN"
灰胸秧雞,灰胸秧雞,Slaty-breasted Rail,Lewinia striata,"SBRA,LEST"
斑胸秧雞,斑胸秧雞,Spotted Crake,Porzana porzana,"SPCR,POPO"
紅冠水雞,紅冠水雞,Eurasian Moorhen,Gallinula chloropus,"COMO,EUMO,GACH"
白冠雞,白冠雞,Eurasian Coot,Fulica atra,"EUCO,FUAT"
灰頭紫水雞,灰頭紫水雞,Gray-headed Swamphen,Porphyrio poliocephalus,"GHSW,POPO"
董雞,董雞,Watercock,Gallicrex cinerea,"WATE,GACI"
白腹秧雞,白腹秧雞,White-breasted Waterhen,Amaurornis phoenicurus,"WBWA,AMPH"
白眉秧雞,白眉秧雞,White-browed Crake,Amaurornis cinerea,"WBCR,AMCI"
紅腳秧雞,紅腳秧雞,Red-legged Crake,Rallina fasciata,"RLCR,RAFA"
灰腳秧雞,灰腳秧雞,Slaty-legged Crake,Rallina eurizonoides,"SLCR,RAEU"
秧雞屬,秧雞屬,Rallina sp.,Rallina sp.,
緋秧雞,緋秧雞,Ruddy-breasted Crake,Zapornia fusca,"RBCR,ZAFU"
紅腳苦惡鳥,紅腳苦惡鳥,Brown Crake,Zapornia akool,"BRCR,ZAAK"
小秧雞,小秧雞,Baillon's Crake,Zapornia pusilla,"BACR,MACR,ZAPU"
秧雞科(XX秧雞),秧雞科,rail/crake sp.,Rallidae sp. (rail/crake sp.),
簑羽鶴,簑羽鶴,Demoiselle Crane,Anthropoides virgo,"DECR,ANVI"
白鶴,白鶴,Siberian Crane,Leucogeranus leucogeranus,"SICR,LELE"
沙丘鶴,沙丘鶴,Sandhill Crane,Antigone canadensis,"SACR,ANCA"
白枕鶴,白枕鶴,White-naped Crane,Antigone vipio,"WNCR,ANVI"
灰鶴,灰鶴,Common Crane,Grus grus,"CCRA,COCR,GRGR"
白頭鶴,白頭鶴,Hooded Crane,Grus monacha,"HOCR,GRMO"
丹頂鶴,丹頂鶴,Red-crowned Crane,Grus japonensis,"RCCR,GRJA"
鶴科(XX鶴),鶴科,crane sp.,Gruidae sp.,
高蹺鴴,高蹺鴴,Black-winged Stilt,Himantopus himantopus,"BWST,EBWS,HIHI"
反嘴鴴,反嘴鴴,Pied Avocet,Recurvirostra avosetta,"PIAV,REAV"
蠣鴴,蠣鴴,Eurasian Oystercatcher,Haematopus ostralegus,"EUOY,HAOS"
灰斑鴴,灰斑鴴,Black-bellied Plover,Pluvialis squatarola,"BBPL,GRPL,PLSQ"
美洲金斑鴴,美洲金斑鴴,American Golden-Plover,Pluvialis dominica,"AMGP,AGPL,PLDO"
太平洋金斑鴴,太平洋金斑鴴,Pacific Golden-Plover,Pluvialis fulva,"PAGP,KŌLE,PGPL,PLFU"
小辮鴴,小辮鴴,Northern Lapwing,Vanellus vanellus,"NOLA,VAVA"
跳鴴,跳鴴,Gray-headed Lapwing,Vanellus cinereus,"GHLA,VACI"
蒙古鴴,蒙古鴴,Lesser Sand-Plover,Charadrius mongolus,"LSAP,LSPL,LESD,LSDO,LESP,CHMO"
鐵嘴鴴,鐵嘴鴴,Greater Sand-Plover,Charadrius leschenaultii,"GSAP,GSPL,GRSP,GRSD,GSDO,CHLE"
蒙古/鐵嘴鴴,蒙古/鐵嘴鴴,Lesser/Greater Sand-Plover,Charadrius mongolus/leschenaultii,"LSPL,LSDO,LESP,LSAP,GSDO,GRSP,GSPL,LESD,GSAP,GRSD,CHMO,CHLE"
東方環頸鴴,東方環頸鴴,Kentish Plover,Charadrius alexandrinus,"KEPL,CHAL"
環頸鴴,環頸鴴,Common Ringed Plover,Charadrius hiaticula,"CRPL,RIPL,CHHI"
劍鴴,劍鴴,Long-billed Plover,Charadrius placidus,"LBPL,CHPL"
小環頸鴴,小環頸鴴,Little Ringed Plover,Charadrius dubius,"LRPL,CHDU"
東方紅胸鴴,東方紅胸鴴,Oriental Plover,Charadrius veredus,"ORPL,CHVE"
鴴科(XX鴴),鴴科,plover sp.,Charadriidae sp.,
彩鷸,彩鷸,Greater Painted-Snipe,Rostratula benghalensis,"GPSN,GRPS,ROBE"
水雉,水雉,Pheasant-tailed Jacana,Hydrophasianus chirurgus,"PTJA,HYCH"
中杓鷸,中杓鷸,Whimbrel,Numenius phaeopus,"WHIM,NUPH"
小杓鷸,小杓鷸,Little Curlew,Numenius minutus,"LICU,LIWH,NUMI"
黦鷸,黦鷸,Far Eastern Curlew,Numenius madagascariensis,"FECU,EACU,NUMA"
大杓鷸,大杓鷸,Eurasian Curlew,Numenius arquata,"EUCU,NUAR"
中/大杓鷸,中/大杓鷸,Whimbrel/Eurasian Curlew,Numenius phaeopus/arquata,
黦鷸/大杓鷸,黦鷸/大杓鷸,Far Eastern/Eurasian Curlew,Numenius madagascariensis/arquata,
杓鷸屬(XX杓鷸),杓鷸屬,curlew sp.,Numenius sp.,
斑尾鷸,斑尾鷸,Bar-tailed Godwit,Limosa lapponica,"BTGO,LILA"
黑尾鷸,黑尾鷸,Black-tailed Godwit,Limosa limosa,"BTGD,BTGO,LILI"
塍鷸屬,塍鷸屬,godwit sp.,Limosa sp.,
翻石鷸,翻石鷸,Ruddy Turnstone,Arenaria interpres,"RUTU,ARIN"
大濱鷸,大濱鷸,Great Knot,Calidris tenuirostris,"GRKN,CATE"
紅腹濱鷸,紅腹濱鷸,Red Knot,Calidris canutus,"REKN,CACA"
流蘇鷸,流蘇鷸,Ruff,Calidris pugnax,"RUFF,CAPU"
寬嘴鷸,寬嘴鷸,Broad-billed Sandpiper,Calidris falcinellus,"BBIS,BBSA,CAFA"
尖尾濱鷸,尖尾濱鷸,Sharp-tailed Sandpiper,Calidris acuminata,"SPTS,STSA,CAAC"
高蹺濱鷸,高蹺濱鷸,Stilt Sandpiper,Calidris himantopus,"STSA,CAHI"
彎嘴濱鷸,彎嘴濱鷸,Curlew Sandpiper,Calidris ferruginea,"CUSA,CAFE"
丹氏濱鷸,丹氏濱鷸,Temminck's Stint,Calidris temminckii,"TEST,CATE"
長趾濱鷸,長趾濱鷸,Long-toed Stint,Calidris subminuta,"LTST,CASU"
琵嘴鷸,琵嘴鷸,Spoon-billed Sandpiper,Calidris pygmaea,"SBSA,CAPY"
紅胸濱鷸,紅胸濱鷸,Red-necked Stint,Calidris ruficollis,"RNST,CARU"
三趾濱鷸,三趾濱鷸,Sanderling,Calidris alba,"SAND,HUNA,CAAL"
黑腹濱鷸,黑腹濱鷸,Dunlin,Calidris alpina,"DUNL,CAAL"
彎嘴/黑腹濱鷸,彎嘴/黑腹濱鷸,Curlew Sandpiper/Dunlin,Calidris ferruginea/alpina,
小濱鷸,小濱鷸,Little Stint,Calidris minuta,"LIST,CAMI"
紅胸/小濱鷸,紅胸/小濱鷸,Red-necked/Little Stint,Calidris ruficollis/minuta,
黃胸鷸,黃胸鷸,Buff-breasted Sandpiper,Calidris subruficollis,"BBSA,CASU"
美洲尖尾濱鷸,美洲尖尾濱鷸,Pectoral Sandpiper,Calidris melanotos,"PESA,CAME"
濱鷸屬(XX濱鷸),濱鷸屬,Calidris sp.,Calidris sp.,
半蹼鷸,半蹼鷸,Asian Dowitcher,Limnodromus semipalmatus,"ASDO,LISE"
長嘴半蹼鷸,長嘴半蹼鷸,Long-billed Dowitcher,Limnodromus scolopaceus,"LBDO,LISC"
小鷸,小鷸,Jack Snipe,Lymnocryptes minimus,"JASN,LYMI"
山鷸,山鷸,Eurasian Woodcock,Scolopax rusticola,"EUWO,SCRU"
孤田鷸,孤田鷸,Solitary Snipe,Gallinago solitaria,"SOSN,GASO"
大地鷸,大地鷸,Latham's Snipe,Gallinago hardwickii,"LASN,GAHA"
田鷸,田鷸,Common Snipe,Gallinago gallinago,"COSN,GAGA"
針尾鷸,針尾鷸,Pin-tailed Snipe,Gallinago stenura,"PTSN,PISN,GAST"
田/針尾鷸,田/針尾鷸,Common/Pin-tailed Snipe,Gallinago gallinago/stenura,
中地鷸,中地鷸,Swinhoe's Snipe,Gallinago megala,"SWSN,GAME"
針尾鷸/中地鷸,針尾鷸/中地鷸,Pin-tailed/Swinhoe's Snipe,Gallinago stenura/megala,
田鷸屬(XX田鷸),田鷸屬,snipe sp.,Gallinago sp.,
反嘴鷸,反嘴鷸,Terek Sandpiper,Xenus cinereus,"TESA,XECI"
紅領瓣足鷸,紅領瓣足鷸,Red-necked Phalarope,Phalaropus lobatus,"RNPH,PHLO"
灰瓣足鷸,灰瓣足鷸,Red Phalarope,Phalaropus fulicarius,"REPH,GRPH,PHFU"
紅領/灰瓣足鷸,紅領/灰瓣足鷸,Red-necked/Red Phalarope,Phalaropus lobatus/fulicarius,
瓣足鷸屬(XX瓣足鷸),瓣足鷸屬,phalarope sp.,Phalaropus sp.,
磯鷸,磯鷸,Common Sandpiper,Actitis hypoleucos,"COSA,ACHY"
白腰草鷸,白腰草鷸,Green Sandpiper,Tringa ochropus,"GRSA,TROC"
黃足鷸,黃足鷸,Gray-tailed Tattler,Tringa brevipes,"GTTA,TRBR"
美洲黃足鷸,美洲黃足鷸,Wandering Tattler,Tringa incana,"WATA,TRIN"
鶴鷸,鶴鷸,Spotted Redshank,Tringa erythropus,"SPRE,TRER"
青足鷸,青足鷸,Common Greenshank,Tringa nebularia,"COMG,COGR,TRNE"
諾氏鷸,諾氏鷸,Nordmann's Greenshank,Tringa guttifer,"NOGR,TRGU"
青足鷸/諾氏鷸,青足鷸/諾氏鷸,Common/Nordmann's Greenshank,Tringa nebularia/guttifer,
小青足鷸,小青足鷸,Marsh Sandpiper,Tringa stagnatilis,"MASA,TRST"
鷹斑鷸,鷹斑鷸,Wood Sandpiper,Tringa glareola,"WOSA,TRGL"
赤足鷸,赤足鷸,Common Redshank,Tringa totanus,"CREH,CORE,TRTO"
鷸屬(XX鷸),鷸屬,Tringa sp.,Tringa sp.,
鷸科(XX鷸),鷸科,Scolopacidae sp.,Scolopacidae sp.,
林三趾鶉,林三趾鶉,Small Buttonquail,Turnix sylvaticus,"COBU,SMBU,TUSY"
黃腳三趾鶉,黃腳三趾鶉,Yellow-legged Buttonquail,Turnix tanki,"YLBU,TUTA"
棕三趾鶉,棕三趾鶉,Barred Buttonquail,Turnix suscitator,"BABU,TUSU"
三趾鶉屬(XX三趾鶉),三趾鶉屬,buttonquail sp.,Turnix sp.,
燕鴴,燕鴴,Oriental Pratincole,Glareola maldivarum,"ORPR,GLMA"
鴴形目(XX鷸鴴),鴴形目,shorebird sp.,Charadriiformes sp.,
中賊鷗,中賊鷗,Pomarine Jaeger,Stercorarius pomarinus,"POJA,POSK,STPO"
短尾賊鷗,短尾賊鷗,Parasitic Jaeger,Stercorarius parasiticus,"PAJA,ARJA,ARSK,STPA"
長尾賊鷗,長尾賊鷗,Long-tailed Jaeger,Stercorarius longicaudus,"LTJA,LTSK,STLO"
賊鷗類(XX賊鷗),賊鷗類,jaeger/skua sp.,Stercorarius sp.,
小型海雀類,小型海雀類,murrelet sp.,Brachyramphus/Synthliboramphus sp.,
三趾鷗,三趾鷗,Black-legged Kittiwake,Rissa tridactyla,"BLKI,RITR"
黑嘴鷗,黑嘴鷗,Saunders's Gull,Saundersilarus saundersi,"SAGU,SASA"
細嘴鷗,細嘴鷗,Slender-billed Gull,Chroicocephalus genei,"SBGU,CHGE"
紅嘴鷗,紅嘴鷗,Black-headed Gull,Chroicocephalus ridibundus,"BHGU,CBHG,CHRI"
棕頭鷗,棕頭鷗,Brown-headed Gull,Chroicocephalus brunnicephalus,"BHGU,CHBR"
遺鷗,遺鷗,Relict Gull,Ichthyaetus relictus,"REGU,ICRE"
漁鷗,漁鷗,Pallas's Gull,Ichthyaetus ichthyaetus,"PAGU,GBHG,ICIC"
黑尾鷗,黑尾鷗,Black-tailed Gull,Larus crassirostris,"BTGU,LACR"
海鷗,海鷗,Mew Gull,Larus canus,"MEGU,COGU,LACA"
銀鷗,銀鷗,Herring Gull,Larus argentatus,"HERG,AHHG,HEGU,LAAR"
小黑背鷗,小黑背鷗,Lesser Black-backed Gull,Larus fuscus,"LBBG,LAFU"
銀鷗/小黑背鷗,銀鷗/小黑背鷗,Herring/Lesser Black-backed Gull,Larus argentatus/fuscus,
灰背鷗,灰背鷗,Slaty-backed Gull,Larus schistisagus,"SBGU,LASC"
大鷗(白翅),大鷗(白翅),white-winged gull sp.,Larus sp. (white-winged gull sp.),
大鷗類,大鷗類,Larus sp.,Larus sp.,UNLG
鷗屬(XX鷗),鷗屬,gull sp.,Larinae sp.,
玄燕鷗,玄燕鷗,Brown Noddy,Anous stolidus,"BRNO,NOKŌ,CONO,ANST"
黑玄燕鷗,黑玄燕鷗,Black Noddy,Anous minutus,"BLNO,NOIO,ANMI"
烏領燕鷗,烏領燕鷗,Sooty Tern,Onychoprion fuscatus,"SOTE,ONFU"
白眉燕鷗,白眉燕鷗,Bridled Tern,Onychoprion anaethetus,"BRTE,ONAN"
白腰燕鷗,白腰燕鷗,Aleutian Tern,Onychoprion aleuticus,"ALTE,ONAL"
小燕鷗,小燕鷗,Little Tern,Sternula albifrons,"LITE,STAL"
鷗嘴燕鷗,鷗嘴燕鷗,Gull-billed Tern,Gelochelidon nilotica,"GBTE,GENI"
裏海燕鷗,裏海燕鷗,Caspian Tern,Hydroprogne caspia,"CATE,HYCA"
黑浮鷗,黑浮鷗,Black Tern,Chlidonias niger,"BLTE,CHNI"
白翅黑燕鷗,白翅黑燕鷗,White-winged Tern,Chlidonias leucopterus,"WWTE,WWBT,CHLE"
黑腹燕鷗,黑腹燕鷗,Whiskered Tern,Chlidonias hybrida,"WHST,WHTE,CHHY"
浮鷗屬(XX浮鷗),浮鷗屬,Chlidonias sp.,Chlidonias sp.,
紅燕鷗,紅燕鷗,Roseate Tern,Sterna dougallii,"ROST,ROTE,STDO"
蒼燕鷗,蒼燕鷗,Black-naped Tern,Sterna sumatrana,"BNTE,STSU"
燕鷗,燕鷗,Common Tern,Sterna hirundo,"COTE,STHI"
燕鷗屬(XX燕鷗),燕鷗屬,Sterna sp.,Sterna sp.,
鳳頭燕鷗,鳳頭燕鷗,Great Crested Tern,Thalasseus bergii,"GCTE,SWTE,CRTE,THBE"
小鳳頭燕鷗,小鳳頭燕鷗,Lesser Crested Tern,Thalasseus bengalensis,"LCTE,THBE"
黑嘴端鳳頭燕鷗,黑嘴端鳳頭燕鷗,Chinese Crested Tern,Thalasseus bernsteini,"CCTE,THBE"
鳳頭燕鷗屬(XX鳳頭燕鷗),鳳頭燕鷗屬,Thalasseus sp.,Thalasseus sp.,
大型燕鷗類,大型燕鷗類,large tern sp.,Hydroprogne/Thalasseus sp.,
燕鷗亞科,燕鷗亞科,tern sp.,Sterninae sp.,
鷗或燕鷗類(鷗科),鷗或燕鷗類(鷗科),gull/tern sp.,Laridae sp.,
黑叉尾海燕,黑叉尾海燕,Swinhoe's Storm-Petrel,Oceanodroma monorhis,"SSTP,SWSP,SSPE,OCMO"
穴鳥,穴鳥,Bulwer's Petrel,Bulweria bulwerii,"BUPE,BUBU"
大水薙鳥,大水薙鳥,Streaked Shearwater,Calonectris leucomelas,"STRS,STSH,CALE"
肉足水薙鳥,肉足水薙鳥,Flesh-footed Shearwater,Ardenna carneipes,"FFSH,ARCA"
長尾水薙鳥,長尾水薙鳥,Wedge-tailed Shearwater,Ardenna pacifica,"WTSH,ARPA"
灰水薙鳥,灰水薙鳥,Sooty Shearwater,Ardenna grisea,"SOSH,ARGR"
短尾水薙鳥,短尾水薙鳥,Short-tailed Shearwater,Ardenna tenuirostris,"STTS,STSH,ARTE"
黑白水薙鳥類,黑白水薙鳥類,black-and-white shearwater sp.,Puffinus sp. (black-and-white shearwater sp.),
水薙鳥類(XX水薙鳥),水薙鳥類,shearwater sp.,Procellariidae sp. (shearwater sp.),
鸌科,鸌科,Procellariid sp.,Procellariidae sp.,
黑鸛,黑鸛,Black Stork,Ciconia nigra,"BLST,CINI"
白鸛,白鸛,White Stork,Ciconia ciconia,"WHST,CICI"
東方白鸛,東方白鸛,Oriental Stork,Ciconia boyciana,"ORST,CIBO"
白斑軍艦鳥,白斑軍艦鳥,Lesser Frigatebird,Fregata ariel,"LEFR,FRAR"
軍艦鳥,軍艦鳥,Great Frigatebird,Fregata minor,"GREF,GRFR,FRMI"
軍艦鳥科(XX軍艦鳥),軍艦鳥科,frigatebird sp.,Fregata sp.,
藍臉鰹鳥,藍臉鰹鳥,Masked Booby,Sula dactylatra,"MABO,SUDA"
白腹鰹鳥,白腹鰹鳥,Brown Booby,Sula leucogaster,"BRBO,SULE"
紅腳鰹鳥,紅腳鰹鳥,Red-footed Booby,Sula sula,"RFBO,SUSU"
鰹鳥類,鰹鳥類,booby sp.,Sula sp.,
海鸕鷀,海鸕鷀,Pelagic Cormorant,Phalacrocorax pelagicus,"PECO,PHPE"
鸕鷀,鸕鷀,Great Cormorant,Phalacrocorax carbo,"GRCO,BLSH,GBCO,WBCO,PHCA"
丹氏鸕鷀,丹氏鸕鷀,Japanese Cormorant,Phalacrocorax capillatus,"JACO,PHCA"
鸕鷀類(XX鸕鷀),鸕鷀類,cormorant sp.,Phalacrocoracidae sp.,
卷羽鵜鶘,卷羽鵜鶘,Dalmatian Pelican,Pelecanus crispus,"DAPE,PECR"
大麻鷺,大麻鷺,Great Bittern,Botaurus stellaris,"EUBI,GRBI,BOST"
黃小鷺,黃小鷺,Yellow Bittern,Ixobrychus sinensis,"YEBI,IXSI"
秋小鷺,秋小鷺,Schrenck's Bittern,Ixobrychus eurhythmus,"VSBI,SCBI,IXEU"
栗小鷺,栗小鷺,Cinnamon Bittern,Ixobrychus cinnamomeus,"CIBI,IXCI"
黃頸黑鷺,黃頸黑鷺,Black Bittern,Ixobrychus flavicollis,"BLBI,IXFL"
葦鷺屬,葦鷺屬,small bittern sp.,Ixobrychus sp.,
蒼鷺,蒼鷺,Gray Heron,Ardea cinerea,"GRAH,GRHE,ARCI"
紫鷺,紫鷺,Purple Heron,Ardea purpurea,"PUHE,ARPU"
蒼/紫鷺,蒼/紫鷺,Gray/Purple Heron,Ardea cinerea/purpurea,
大白鷺,大白鷺,Great Egret,Ardea alba,"GREG,WHHE,GWEG,ARAL"
中白鷺,中白鷺,Intermediate Egret,Ardea intermedia,"INEG,YBEG,ARIN"
大/中白鷺,大/中白鷺,Great/Intermediate Egret,Ardea alba/intermedia,"YBEG,GWEG,GREG,INEG,WHHE,ARIN,ARAL"
白臉鷺,白臉鷺,White-faced Heron,Egretta novaehollandiae,"WFHE,EGNO"
唐白鷺,唐白鷺,Chinese Egret,Egretta eulophotes,"CHEG,EGEU"
小白鷺,小白鷺,Little Egret,Egretta garzetta,"LIEG,EGGA"
岩鷺,岩鷺,Pacific Reef-Heron,Egretta sacra,"PRHE,PARH,REHE,EREG,EGSA"
白頸黑鷺,白頸黑鷺,Pied Heron,Egretta picata,"PIHE,EGPI"
黃頭鷺,黃頭鷺,Cattle Egret,Bubulcus ibis,"CAEG,WCEG,BUIB"
白鷺類(XX白鷺),白鷺類,white egret sp.,Ardea/Egretta/Bubulcus sp.,
池鷺,池鷺,Chinese Pond-Heron,Ardeola bacchus,"CHPH,CPHE,ARBA"
爪哇池鷺,爪哇池鷺,Javan Pond-Heron,Ardeola speciosa,"JPHE,JAPH,ARSP"
池鷺屬,池鷺屬,pond-heron sp.,Ardeola sp.,
綠簑鷺,綠簑鷺,Striated Heron,Butorides striata,"STRH,STHE,GBHE,BUST"
夜鷺,夜鷺,Black-crowned Night-Heron,Nycticorax nycticorax,"BCNH,NYNY"
棕夜鷺,棕夜鷺,Rufous Night-Heron,Nycticorax caledonicus,"NNHE,NANH,RUNH,RNHE,NYCA"
麻鷺,麻鷺,Japanese Night-Heron,Gorsachius goisagi,"JNHE,JANH,GOGO"
黑冠麻鷺,黑冠麻鷺,Malayan Night-Heron,Gorsachius melanolophus,"MANH,MNHE,GOME"
麻鷺/黑冠麻鷺,麻鷺/黑冠麻鷺,Japanese/Malayan Night-Heron,Gorsachius goisagi/melanolophus,
鷺科(XX鷺),鷺科,heron sp.,Ardeidae sp.,
彩䴉,彩䴉,Glossy Ibis,Plegadis falcinellus,"GLIB,PLFA"
埃及聖䴉,埃及聖䴉,African Sacred Ibis,Threskiornis aethiopicus,"ASIB,SAIB,THAE"
埃及/馬島聖䴉,埃及/馬島聖䴉,African/Madagascar Sacred Ibis,Threskiornis aethiopicus/bernieri,
黑頭白䴉,黑頭白䴉,Black-headed Ibis,Threskiornis melanocephalus,"BHIB,THME"
䴉科(XX䴉),䴉科,ibis sp.,Threskiornithidae sp. (ibis sp.),
白琵鷺,白琵鷺,Eurasian Spoonbill,Platalea leucorodia,"EURS,EUSP,PLLE"
黑面琵鷺,黑面琵鷺,Black-faced Spoonbill,Platalea minor,"BFSP,PLMI"
琵鷺屬(XX琵鷺),琵鷺屬,spoonbill sp.,Platalea sp.,
魚鷹,魚鷹,Osprey,Pandion haliaetus,"OSPR,WEOS,PAHA"
黑翅鳶,黑翅鳶,Black-winged Kite,Elanus caeruleus,"BWKI,ABSK,ELCA"
東方蜂鷹,東方蜂鷹,Oriental Honey-buzzard,Pernis ptilorhynchus,"OHBU,ORHB,CRHB,CHBU,PEPT"
黑冠鵑隼,黑冠鵑隼,Black Baza,Aviceda leuphotes,"BLBA,AVLE"
禿鷲,禿鷲,Cinereous Vulture,Aegypius monachus,"BLVU,CIVU,AEMO"
大冠鷲,大冠鷲,Crested Serpent-Eagle,Spilornis cheela,"CRSE,CSEA,SPCH"
熊鷹,熊鷹,Mountain Hawk-Eagle,Nisaetus nipalensis,"MHEA,MOHE,NINI"
林鵰,林鵰,Black Eagle,Ictinaetus malaiensis,"BLEA,ICMA"
花鵰,花鵰,Greater Spotted Eagle,Clanga clanga,"GSEA,CLCL"
靴雕,靴雕,Booted Eagle,Hieraaetus pennatus,"BOEA,HIPE"
白肩鵰,白肩鵰,Imperial Eagle,Aquila heliaca,"EIEA,IMEA,AQHE"
白腹鵰,白腹鵰,Bonelli's Eagle,Aquila fasciata,"BOEA,AQFA"
鵰屬(XX鵰),鵰屬,Aquila sp.,Aquila sp.,
花鵰屬/鵰屬,花鵰屬/鵰屬,Clanga/Aquila sp.,Clanga/Aquila sp.,
灰面鵟鷹,灰面鵟鷹,Gray-faced Buzzard,Butastur indicus,"GFBU,BUIN"
東方澤鵟,東方澤鵟,Eastern Marsh-Harrier,Circus spilonotus,"EMHA,EAMH,CISP"
東方/巴布亞澤鵟,東方/巴布亞澤鵟,Eastern/Papuan Marsh-Harrier,Circus spilonotus/spilothorax,
灰澤鵟,灰澤鵟,Hen Harrier,Circus cyaneus,"HEHA,CICY"
花澤鵟,花澤鵟,Pied Harrier,Circus melanoleucos,"PIHA,CIME"
澤鵟屬(XX澤鵟),澤鵟屬,harrier sp.,Circus sp.,
鳳頭蒼鷹,鳳頭蒼鷹,Crested Goshawk,Accipiter trivirgatus,"CRGO,ACTR"
赤腹鷹,赤腹鷹,Chinese Sparrowhawk,Accipiter soloensis,"CHIS,CHSP,ACSO"
日本松雀鷹,日本松雀鷹,Japanese Sparrowhawk,Accipiter gularis,"JASP,ACGU"
松雀鷹,松雀鷹,Besra,Accipiter virgatus,"BESR,ACVI"
日本松雀鷹/松雀鷹,日本松雀鷹/松雀鷹,Japanese Sparrowhawk/Besra,Accipiter gularis/virgatus,"BESR,JASP,ACGU,ACVI"
鳳頭蒼鷹/松雀鷹,鳳頭蒼鷹/松雀鷹,Crested Goshawk/Besra,Accipiter trivirgatus/virgatus,"CRGO,BESR,ACTR,ACVI"
北雀鷹,北雀鷹,Eurasian Sparrowhawk,Accipiter nisus,"EUSP,ACNI"
蒼鷹,蒼鷹,Northern Goshawk,Accipiter gentilis,"NOGO,ACGE"
雀鷹屬(XX雀鷹),雀鷹屬,Accipiter sp.,Accipiter sp.,UAHA
黑鳶,黑鳶,Black Kite,Milvus migrans,"BLAK,BBKI,BLKI,MIMI"
栗鳶,栗鳶,Brahminy Kite,Haliastur indus,"BRKI,HAIN"
白尾海鵰,白尾海鵰,White-tailed Eagle,Haliaeetus albicilla,"WTEA,HAAL"
白腹海鵰,白腹海鵰,White-bellied Sea-Eagle,Haliaeetus leucogaster,"WBSE,HALE"
毛足鵟,毛足鵟,Rough-legged Hawk,Buteo lagopus,"RLHA,RLBU,BULA"
歐亞鵟,歐亞鵟,Common Buzzard,Buteo buteo,"COBU,STBU,BUBU"
東方鵟,東方鵟,Eastern Buzzard,Buteo japonicus,"EABU,BUJA"
大鵟,大鵟,Upland Buzzard,Buteo hemilasius,"UPBU,BUHE"
鵟屬(XX鵟),鵟屬,Buteo sp.,Buteo sp.,
鵟屬/鵰類,鵟屬/鵰類,Buteo/eagle sp.,Buteo/eagle sp.,
鷹科(鷹類)(XX鷹),鷹科(鷹類),hawk sp.,Accipitridae sp. (hawk sp.),UNHA
鷹科(鵰類)(XX鷹),鷹科(鵰類),eagle sp.,Accipitridae sp. (eagle sp.),
草鴞,草鴞,Australasian Grass-Owl,Tyto longimembris,"AGOW,AUGO,EGOW,TYLO"
黃嘴角鴞,黃嘴角鴞,Mountain Scops-Owl,Otus spilocephalus,"MSOW,MOSO,OTSP"
領角鴞,領角鴞,Collared Scops-Owl,Otus lettia,"COSO,CSOW,OTLE"
蘭嶼角鴞,蘭嶼角鴞,Ryukyu Scops-Owl,Otus elegans,"RYSO,RSOW,OTEL"
東方角鴞,東方角鴞,Oriental Scops-Owl,Otus sunia,"ORSO,OSOW,OTSU"
角鴞屬(XX角鴞),角鴞屬,scops-owl sp.,Otus sp.,
鵰鴞,鵰鴞,Eurasian Eagle-Owl,Bubo bubo,"EEOW,EUEO,BUBU"
黃魚鴞,黃魚鴞,Tawny Fish-Owl,Ketupa flavipes,"TFOW,TAFO,KEFL"
鵂鶹,鵂鶹,Collared Owlet,Glaucidium brodiei,"COOW,GLBR"
褐林鴞,褐林鴞,Brown Wood-Owl,Strix leptogrammica,"BWOW,BRWO,STLE"
東方灰林鴞,東方灰林鴞,Himalayan Owl,Strix nivicolum,"HIOW,STNI"
長耳鴞,長耳鴞,Long-eared Owl,Asio otus,"LEOW,ASOT"
短耳鴞,短耳鴞,Short-eared Owl,Asio flammeus,"SEOW,PUEO,ASFL"
長/短耳鴞,長/短耳鴞,Long-eared/Short-eared Owl,Asio otus/flammeus,
褐鷹鴞,褐鷹鴞,Northern Boobook,Ninox japonica,"NOBB,NOBO,NIJA"
鴟鴞類(XX貓頭鷹),鴟鴞類,owl sp.,Strigiformes sp.,UNOW
戴勝,戴勝,Eurasian Hoopoe,Upupa epops,"EHOO,HOOP,EUHO,UPEP"
翠鳥,翠鳥,Common Kingfisher,Alcedo atthis,"COKI,ALAT"
赤翡翠,赤翡翠,Ruddy Kingfisher,Halcyon coromanda,"RUKI,HACO"
蒼翡翠,蒼翡翠,White-throated Kingfisher,Halcyon smyrnensis,"SMKI,WTKI,HASM"
黑頭翡翠,黑頭翡翠,Black-capped Kingfisher,Halcyon pileata,"BCKI,HAPI"
白領翡翠,白領翡翠,Collared Kingfisher,Todiramphus chloris,"COKI,TOCH"
斑翡翠,斑翡翠,Pied Kingfisher,Ceryle rudis,"PIKI,CERU"
藍喉蜂虎,藍喉蜂虎,Blue-throated Bee-eater,Merops viridis,"IBTB,BTBE,MEVI"
藍頰蜂虎,藍頰蜂虎,Blue-cheeked Bee-eater,Merops persicus,"BCBE,MEPE"
栗喉蜂虎,栗喉蜂虎,Blue-tailed Bee-eater,Merops philippinus,"BTBE,MEPH"
彩虹蜂虎,彩虹蜂虎,Rainbow Bee-eater,Merops ornatus,"RABE,RBEA,MEOR"
佛法僧,佛法僧,Dollarbird,Eurystomus orientalis,"ORDO,DOLL,EUOR"
五色鳥,五色鳥,Taiwan Barbet,Psilopogon nuchalis,"TABA,PSNU"
台灣擬啄木,五色鳥,Taiwan Barbet,Psilopogon nuchalis,"TABA,PSNU"
地啄木,地啄木,Eurasian Wryneck,Jynx torquilla,"EUWR,JYTO"
小啄木,小啄木,Gray-capped Woodpecker,Yungipicus canicapillus,"GCWO,GCPW,YUCA"
大赤啄木,大赤啄木,White-backed Woodpecker,Dendrocopos leucotos,"WBWO,DELE"
綠啄木,綠啄木,Gray-headed Woodpecker,Picus canus,"GHWO,PICA"
綠啄木屬,綠啄木屬,Picus sp.,Picus sp.,
啄木鳥科(XX啄木),啄木鳥科,woodpecker sp.,Picidae sp.,UNWO
紅隼,紅隼,Eurasian Kestrel,Falco tinnunculus,"EUKE,COKE,FATI"
紅腳隼,紅腳隼,Amur Falcon,Falco amurensis,"AMFA,FAAM"
灰背隼,灰背隼,Merlin,Falco columbarius,"MERL,FACO"
燕隼,燕隼,Eurasian Hobby,Falco subbuteo,"EHOB,EUHO,FASU"
遊隼,遊隼,Peregrine Falcon,Falco peregrinus,"PEFA,FAPE"
大型隼(XX隼),大型隼,large falcon sp.,Falco sp. (large falcon sp.),
小型隼(XX隼),小型隼,small falcon sp.,Falco sp. (small falcon sp.),
隼屬(XX隼),隼屬,falcon sp.,Falco sp.,
日行性猛禽類(XX猛禽),日行性猛禽類,diurnal raptor sp.,Accipitriformes/Falconiformes sp.,
戈芬氏鳳頭鸚鵡,戈芬氏鳳頭鸚鵡,Tanimbar Corella,Cacatua goffiniana,"TACO,CAGO"
葵花鳳頭鸚鵡,葵花鳳頭鸚鵡,Sulphur-crested Cockatoo,Cacatua galerita,"SCCO,CAGA"
白鳳頭鸚鵡,白鳳頭鸚鵡,White Cockatoo,Cacatua alba,"WHCO,CAAL"
鳳頭鸚鵡屬(XX鳳頭鸚鵡),鳳頭鸚鵡屬,corella/cockatoo sp.,Cacatua sp.,
雞尾鸚鵡(馴化),雞尾鸚鵡(馴化),Cockatiel (Domestic type),Nymphicus hollandicus (Domestic type),"COCK,NYHO"
亞歷山大鸚鵡,亞歷山大鸚鵡,Alexandrine Parakeet,Psittacula eupatria,"ALPA,PSEU"
紅領綠鸚鵡,紅領綠鸚鵡,Rose-ringed Parakeet,Psittacula krameri,"RRPA,RNPA,PSKR"
虎皮鸚鵡(馴化),虎皮鸚鵡(馴化),Budgerigar (Domestic type),Melopsittacus undulatus (Domestic type),"BUDG,MEUN"
紅色吸蜜鸚鵡,紅色吸蜜鸚鵡,Red Lory,Eos bornea,"RELO,EOBO"
紅領吸蜜鸚鵡,紅領吸蜜鸚鵡,Red-collared Lorikeet,Trichoglossus rubritorquis,"RALO,RCLO,TRRU"
彩虹吸蜜鸚鵡,彩虹吸蜜鸚鵡,Rainbow Lorikeet,Trichoglossus moluccanus,"RALO,TRMO"
彩虹吸蜜鸚鵡複合群,彩虹吸蜜鸚鵡複合群,rainbow lorikeet sp.,Trichoglossus sp. (rainbow lorikeet complex),
費氏愛情鳥,費氏愛情鳥,Fischer's Lovebird,Agapornis fischeri,"FILO,AGFI"
灰鸚鵡,灰鸚鵡,Gray Parrot,Psittacus erithacus,"GRPA,PSER"
和尚鸚鵡,和尚鸚鵡,Monk Parakeet,Myiopsitta monachus,"MOPA,MYMO"
小型鸚鵡類(XX鸚鵡),小型鸚鵡類,parakeet sp.,Psittaciformes sp. (parakeet sp.),
大型鸚鵡類(XX鸚鵡),大型鸚鵡類,parrot sp.,Psittaciformes sp. (parrot sp.),
藍翅八色鳥,藍翅八色鳥,Blue-winged Pitta,Pitta moluccensis,"BWPI,PIMO"
八色鳥,八色鳥,Fairy Pitta,Pitta nympha,"FAPI,PINY"
綠胸八色鳥,綠胸八色鳥,Hooded Pitta,Pitta sordida,"HOPI,PISO"
灰喉山椒鳥,灰喉山椒鳥,Gray-chinned Minivet,Pericrocotus solaris,"GCMI,PESO"
赤紅山椒鳥,赤紅山椒鳥,Scarlet Minivet,Pericrocotus speciosus,"SCMI,PESP"
琉球山椒鳥,琉球山椒鳥,Ryukyu Minivet,Pericrocotus tegimae,"RYMI,PETE"
灰山椒鳥,灰山椒鳥,Ashy Minivet,Pericrocotus divaricatus,"ASMI,PEDI"
琉球/灰山椒鳥,琉球/灰山椒鳥,Ryukyu/Ashy Minivet,Pericrocotus tegimae/divaricatus,
小灰山椒鳥,小灰山椒鳥,Brown-rumped Minivet,Pericrocotus cantonensis,"BRMI,SWMI,PECA"
灰/小灰山椒鳥,灰/小灰山椒鳥,Ashy/Brown-rumped Minivet,Pericrocotus divaricatus/cantonensis,
山椒鳥屬(XX山椒鳥),山椒鳥屬,minivet sp.,Pericrocotus sp.,
花翅山椒鳥,花翅山椒鳥,Large Cuckooshrike,Coracina macei,"LACU,COMA"
黑翅山椒鳥,黑翅山椒鳥,Black-winged Cuckooshrike,Lalage melaschistos,"BWCU,LAME"
綠畫眉,綠畫眉,White-bellied Erpornis,Erpornis zantholeuca,"WBER,ERZA"
黃鸝,黃鸝,Black-naped Oriole,Oriolus chinensis,"BNOR,ORCH"
朱鸝,朱鸝,Maroon Oriole,Oriolus traillii,"MAOR,ORTR"
大卷尾,大卷尾,Black Drongo,Dicrurus macrocercus,"BLDR,DIMA"
灰卷尾,灰卷尾,Ashy Drongo,Dicrurus leucophaeus,"ASDR,DILE"
大卷尾/灰卷尾,大卷尾/灰卷尾,Black/Ashy Drongo,Dicrurus macrocercus/leucophaeus,
鴉嘴卷尾,鴉嘴卷尾,Crow-billed Drongo,Dicrurus annectens,"CBDR,DIAN"
小卷尾,小卷尾,Bronzed Drongo,Dicrurus aeneus,"BRDR,DIAE"
髮冠卷尾,髮冠卷尾,Hair-crested Drongo,Dicrurus hottentottus,"HCDR,DIHO"
卷尾屬(XX卷尾),卷尾屬,drongo sp.,Dicrurus sp.,
黑枕藍鶲,黑枕藍鶲,Black-naped Monarch,Hypothymis azurea,"BNMO,HYAZ"
紫綬帶,紫綬帶,Japanese Paradise-Flycatcher,Terpsiphone atrocaudata,"JPFL,JAPF,TEAT"
阿穆爾綬帶,阿穆爾綬帶,Amur Paradise-Flycatcher,Terpsiphone incei,"AMPF,APFL,TEIN"
日本/阿穆爾綬帶,日本/阿穆爾綬帶,Japanese/Amur Paradise-Flycatcher,Terpsiphone atrocaudata/incei,
虎紋伯勞,虎紋伯勞,Tiger Shrike,Lanius tigrinus,"TISH,LATI"
紅頭伯勞,紅頭伯勞,Bull-headed Shrike,Lanius bucephalus,"BHSH,LABU"
紅背伯勞,紅背伯勞,Red-backed Shrike,Lanius collurio,"RBSH,LACO"
紅尾伯勞,紅尾伯勞,Brown Shrike,Lanius cristatus,"BROS,BRSH,LACR"
紅尾伯勞(日本),紅尾伯勞(日本),Brown Shrike (Japanese),Lanius cristatus superciliosus,"BRSH,BROS,LACR"
紅尾伯勞(灰頭),紅尾伯勞(灰頭),Brown Shrike (Philippine),Lanius cristatus lucionensis,"BRSH,BROS,LACR"
栗背伯勞,栗背伯勞,Burmese Shrike,Lanius collurioides,"BUSH,LACO"
棕背伯勞,棕背伯勞,Long-tailed Shrike,Lanius schach,"LTSH,LASC"
楔尾伯勞,楔尾伯勞,Chinese Gray Shrike,Lanius sphenocercus,"CGSH,LASP"
伯勞屬(XX伯勞),伯勞屬,shrike sp.,Lanius sp.,
松鴉,松鴉,Eurasian Jay,Garrulus glandarius,"EUJA,GAGL"
灰喜鵲,灰喜鵲,Azure-winged Magpie,Cyanopica cyanus,"AWMA,CYCY"
台灣藍鵲,台灣藍鵲,Taiwan Blue-Magpie,Urocissa caerulea,"TBMA,TABM,URCA"
紅嘴藍鵲,紅嘴藍鵲,Red-billed Blue-Magpie,Urocissa erythroryncha,"RBBM,URER"
樹鵲,樹鵲,Gray Treepie,Dendrocitta formosae,"GRTR,DEFO"
喜鵲,喜鵲,Oriental Magpie,Pica serica,"ORMA,PISE"
星鴉,星鴉,Eurasian Nutcracker,Nucifraga caryocatactes,"SPNU,EUNU,NUCA"
東方寒鴉,東方寒鴉,Daurian Jackdaw,Corvus dauuricus,"DAJA,CODA"
家烏鴉,家烏鴉,House Crow,Corvus splendens,"HOCR,COSP"
禿鼻鴉,禿鼻鴉,Rook,Corvus frugilegus,"ROOK,COFR"
小嘴烏鴉,小嘴烏鴉,Carrion Crow,Corvus corone,"CACR,COCO"
巨嘴鴉,巨嘴鴉,Large-billed Crow,Corvus macrorhynchos,"LBJJ,LBCR,COMA"
玉頸鴉,玉頸鴉,Collared Crow,Corvus pectoralis,"COCR,COPE"
鴉屬(XX鴉),鴉屬(烏鴉/渡鴉),crow/raven sp.,Corvus sp.,
方尾鶲,方尾鶲,Gray-headed Canary-Flycatcher,Culicicapa ceylonensis,"GHCF,CUCE"
煤山雀,煤山雀,Coal Tit,Periparus ater,"COTI,PEAT"
黃腹山雀,黃腹山雀,Yellow-bellied Tit,Periparus venustulus,"YBTI,PEVE"
赤腹山雀,赤腹山雀,Chestnut-bellied Tit,Sittiparus castaneoventris,"CBTI,SICA"
雜色山雀,雜色山雀,Varied Tit,Sittiparus varius,"VATI,SIVA"
山雀類(XX山雀),山雀類,chickadee sp.,Poecile sp.,UPCH
青背山雀,青背山雀,Green-backed Tit,Parus monticolus,"GBTI,PAMO"
白頰山雀,白頰山雀,Japanese Tit,Parus minor,"JATI,PAMI"
黃山雀,黃山雀,Taiwan Yellow Tit,Machlolophus holsti,"YETI,TYTI,MAHO"
攀雀,攀雀,Chinese Penduline-Tit,Remiz consobrinus,"CPTI,CHPT,RECO"
大短趾百靈,大短趾百靈,Greater Short-toed Lark,Calandrella brachydactyla,"GSTL,CABR"
賽氏短趾百靈,賽氏短趾百靈,Sykes's Short-toed Lark,Calandrella dukhunensis,"MSTL,ESTL,SSTL,CADU"
大/賽氏短趾百零,大/賽氏短趾百零,Greater/Sykes's Short-toed Lark,Calandrella brachydactyla/dukhunensis,
百靈屬(XX百靈),百靈屬,Calandrella sp.,Calandrella sp.,
亞洲短趾百靈,亞洲短趾百靈,Asian Short-toed Lark,Alaudala cheleensis,"ASTL,ALCH"
大/亞洲/小短趾百靈,大/亞洲/小短趾百靈,Greater/Asian/Lesser Short-toed Lark,Calandrella brachydactyla/Alaudala cheleensis/rufescens,
大/小短趾百零,大/小短趾百零,Greater/Lesser Short-toed Lark,Calandrella brachydactyla/Alaudala rufescens,
亞洲/小短趾百靈,亞洲/小短趾百靈,Asian/Lesser Short-toed Lark,Alaudala cheleensis/rufescens,
短趾百靈類,短趾百靈類,Calandrella/Alaudala sp.,Calandrella/Alaudala sp.,
歐亞雲雀,歐亞雲雀,Eurasian Skylark,Alauda arvensis,"EUSK,SKYL,ALAR"
小雲雀,小雲雀,Oriental Skylark,Alauda gulgula,"ORSK,ALGU"
歐亞/小雲雀,歐亞/小雲雀,Eurasian/Oriental Skylark,Alauda arvensis/gulgula,"EUSK,SKYL,ORSK,ALAR,ALGU"
百靈科(XX百靈),百靈科,lark sp.,Alaudidae sp.,
斑紋鷦鶯,斑紋鷦鶯,Striated Prinia,Prinia crinigera,"STPR,PRCR"
灰頭鷦鶯,灰頭鷦鶯,Yellow-bellied Prinia,Prinia flaviventris,"YBPR,PRFL"
褐頭鷦鶯,褐頭鷦鶯,Plain Prinia,Prinia inornata,"PLPR,PRIN"
鷦鶯屬(XX鷦鶯),鷦鶯屬,prinia sp.,Prinia sp.,
棕扇尾鶯,棕扇尾鶯,Zitting Cisticola,Cisticola juncidis,"ZICI,CIJU"
黃頭扇尾鶯,黃頭扇尾鶯,Golden-headed Cisticola,Cisticola exilis,"GHCI,CIEX"
扇尾鶯屬(XX扇尾鶯),扇尾鶯屬,cisticola sp.,Cisticola sp.,
厚嘴葦鶯,厚嘴葦鶯,Thick-billed Warbler,Arundinax aedon,"TBWA,ARAE"
靴籬鶯,靴籬鶯,Booted Warbler,Iduna caligata,"BOWA,IDCA"
雙眉葦鶯,雙眉葦鶯,Black-browed Reed Warbler,Acrocephalus bistrigiceps,"BBRW,ACBI"
細紋葦鶯,細紋葦鶯,Streaked Reed Warbler,Acrocephalus sorghophilus,"SRWA,ACSO"
稻田葦鶯,稻田葦鶯,Paddyfield Warbler,Acrocephalus agricola,"PAWA,ACAG"
鈍翅葦鶯,鈍翅葦鶯,Blunt-winged Warbler,Acrocephalus concinens,"BWWA,ACCO"
遠東葦鶯,遠東葦鶯,Manchurian Reed Warbler,Acrocephalus tangorum,"MRWA,ACTA"
布氏葦鶯,布氏葦鶯,Blyth's Reed Warbler,Acrocephalus dumetorum,"BREW,BRWA,ACDU"
東方大葦鶯,東方大葦鶯,Oriental Reed Warbler,Acrocephalus orientalis,"ORWA,ACOR"
葦鶯屬(XX葦鶯),葦鶯屬,Acrocephalus sp.,Acrocephalus sp.,
蒼眉蝗鶯,蒼眉蝗鶯,Gray's Grasshopper-Warbler,Locustella fasciolata,"GRGW,GGWA,LOFA"
庫頁島蝗鶯,庫頁島蝗鶯,Sakhalin Grasshopper-Warbler,Locustella amnicola,"SAGW,SGWA,LOAM"
蒼眉/庫頁島蝗鶯,蒼眉/庫頁島蝗鶯,Gray's/Sakhalin Grasshopper-Warbler,Locustella fasciolata/amnicola,
小蝗鶯,小蝗鶯,Pallas's Grasshopper-Warbler,Locustella certhiola,"PGWA,PAGW,LOCE"
北蝗鶯,北蝗鶯,Middendorff's Grasshopper-Warbler,Locustella ochotensis,"MIGW,MGWA,LOOC"
史氏蝗鶯,史氏蝗鶯,Pleske's Grasshopper-Warbler,Locustella pleskei,"SGWA,PGWA,PLGW,LOPL"
北蝗鶯/史氏蝗鶯,北蝗鶯/史氏蝗鶯,Middendorff's/Pleske's Grasshopper-Warbler,Locustella ochotensis/pleskei,
矛斑蝗鶯,矛斑蝗鶯,Lanceolated Warbler,Locustella lanceolata,"LANW,LAWA,LOLA"
台灣叢樹鶯,台灣叢樹鶯,Taiwan Bush Warbler,Locustella alishanensis,"TBWA,LOAL"
赤褐蝗鶯,赤褐蝗鶯,Russet Bush Warbler,Locustella mandelli,"RBWA,LOMA"
蝗鶯屬(XX蝗鶯),蝗鶯屬,Locustella sp.,Locustella sp.,
台灣鷦眉,台灣鷦眉,Taiwan Cupwing,Pnoepyga formosana,"TACU,PNFO"
鱗胸鷦鷯,台灣鷦眉,Taiwan Cupwing,Pnoepyga formosana,"TACU,PNFO"
棕沙燕,棕沙燕,Gray-throated Martin,Riparia chinensis,"GTMA,APMA,RICH"
灰沙燕,灰沙燕,Bank Swallow,Riparia riparia,"BANS,SAMA,BASW,CSMA,RIRI"
棕沙燕/灰沙燕,棕沙燕/灰沙燕,Gray-throated Martin/Bank Swallow,Riparia chinensis/riparia,
沙燕屬,沙燕屬,Riparia sp.,Riparia sp.,
家燕,家燕,Barn Swallow,Hirundo rustica,"BARS,BASW,HIRU"
洋燕,洋燕,Pacific Swallow,Hirundo tahitica,"PASW,HITA"
家/洋燕,家/洋燕,Barn/Pacific Swallow,Hirundo rustica/tahitica,"PASW,BASW,BARS,HIRU,HITA"
金腰燕,金腰燕,Red-rumped Swallow,Cecropis daurica,"RRAS,RRSW,CEDA"
赤腰燕,赤腰燕,Striated Swallow,Cecropis striolata,"STSW,CEST"
金腰/赤腰燕,金腰/赤腰燕,Red-rumped/Striated Swallow,Cecropis daurica/striolata,"RRAS,RRSW,STSW,CEST,CEDA"
白腹毛腳燕,白腹毛腳燕,Common House-Martin,Delichon urbicum,"COHM,CHMA,DEUR"
東方毛腳燕,東方毛腳燕,Asian House-Martin,Delichon dasypus,"ASHM,AHMA,DEDA"
白腹/東方毛腳燕(XX毛腳燕),白腹/東方毛腳燕,Common/Asian House-Martin,Delichon urbicum/dasypus,
燕科(XX燕),燕科,swallow sp.,Hirundinidae sp.,UNSW
白環鸚嘴鵯,白環鸚嘴鵯,Collared Finchbill,Spizixos semitorques,"COFI,SPSE"
烏頭翁,烏頭翁,Styan's Bulbul,Pycnonotus taivanus,"STBU,PYTA"
紅耳鵯,紅耳鵯,Red-whiskered Bulbul,Pycnonotus jocosus,"RWBU,PYJO"
白頭翁,白頭翁,Light-vented Bulbul,Pycnonotus sinensis,"LVBU,PYSI"
雜頭翁,雜頭翁,Styan's x Light-vented Bulbul (hybrid),Pycnonotus taivanus x sinensis,"LVBU,STBU,PYSI,PYTA"
烏頭/白頭翁,烏頭/白頭翁,Styan's/Light-vented Bulbul,Pycnonotus taivanus/sinensis,"STBU,LVBU,PYSI,PYTA"
白喉紅臀鵯,白喉紅臀鵯,Sooty-headed Bulbul,Pycnonotus aurigaster,"SHBU,PYAU"
鵯屬,鵯屬,Pycnonotus sp.,Pycnonotus sp.,
紅嘴黑鵯,紅嘴黑鵯,Black Bulbul,Hypsipetes leucocephalus,"HBBU,BLBU,HYLE"
紅嘴黑鵯(白頭),紅嘴黑鵯(白頭),Black Bulbul (leucocephalus Group),Hypsipetes leucocephalus [leucocephalus Group],
棕耳鵯,棕耳鵯,Brown-eared Bulbul,Hypsipetes amaurotis,"BEBU,HYAM"
栗背短腳鵯,栗背短腳鵯,Chestnut Bulbul,Hemixos castanonotus,"CHBU,HECA"
林柳鶯,林柳鶯,Wood Warbler,Phylloscopus sibilatrix,"WOWA,PHSI"
黃眉柳鶯,黃眉柳鶯,Yellow-browed Warbler,Phylloscopus inornatus,"YBWA,PHIN"
淡眉柳鶯,淡眉柳鶯,Hume's Warbler,Phylloscopus humei,"HUWA,HLWA,PHHU"
黃眉/淡眉柳鶯,黃眉/淡眉柳鶯,Yellow-browed/Hume's Warbler,Phylloscopus inornatus/humei,
雲南柳鶯,雲南柳鶯,Chinese Leaf Warbler,Phylloscopus yunnanensis,"CLWA,PHYU"
黃腰柳鶯,黃腰柳鶯,Pallas's Leaf Warbler,Phylloscopus proregulus,"PLEW,PAWA,PLWA,PHPR"
巨嘴柳鶯,巨嘴柳鶯,Radde's Warbler,Phylloscopus schwarzi,"RAWA,PHSC"
棕眉柳鶯,棕眉柳鶯,Yellow-streaked Warbler,Phylloscopus armandii,"YSWA,PHAR"
黃腹柳鶯,黃腹柳鶯,Tickell's Leaf Warbler,Phylloscopus affinis,"TLWA,PHAF"
褐色柳鶯,褐色柳鶯,Dusky Warbler,Phylloscopus fuscatus,"DUWA,PHFU"
巨嘴/褐色柳鶯,巨嘴/褐色柳鶯,Radde's/Dusky Warbler,Phylloscopus schwarzi/fuscatus,
棕腹柳鶯,棕腹柳鶯,Buff-throated Warbler,Phylloscopus subaffinis,"BTWA,PHSU"
歐亞柳鶯,歐亞柳鶯,Willow Warbler,Phylloscopus trochilus,"WILW,WIWA,PHTR"
東方嘰咋柳鶯,東方嘰咋柳鶯,Mountain Chiffchaff,Phylloscopus sindianus,"MOCH,PHSI"
嘰喳柳鶯,嘰喳柳鶯,Common Chiffchaff,Phylloscopus collybita,"CCHI,COCH,PHCO"
歐亞/嘰喳柳鶯,歐亞/嘰喳柳鶯,Willow Warbler/Common Chiffchaff,Phylloscopus trochilus/collybita,
冠羽柳鶯,冠羽柳鶯,Eastern Crowned Warbler,Phylloscopus coronatus,"ECWA,PHCO"
飯島柳鶯,飯島柳鶯,Ijima's Leaf Warbler,Phylloscopus ijimae,"ILWA,PHIJ"
白眶鶲鶯,白眶鶲鶯,White-spectacled Warbler,Phylloscopus intermedius,"WSWA,PHIN"
比氏鶲鶯,比氏鶲鶯,Bianchi's Warbler,Phylloscopus valentini,"BIWA,PHVA"
淡尾鶲鶯,淡尾鶲鶯,Alström's Warbler,Phylloscopus soror,"ALWA,PHSO"
金眶鶲鶯複合群,金眶鶲鶯複合群,Phylloscopus sp. (Golden-spectacled Warbler complex),Phylloscopus sp. (burkii complex),
暗綠柳鶯,暗綠柳鶯,Greenish Warbler,Phylloscopus trochiloides,"GRWA,PHTR"
雙斑綠柳鶯,雙斑綠柳鶯,Two-barred Warbler,Phylloscopus plumbeitarsus,"TBWA,PHPL"
暗綠/雙斑綠柳鶯,暗綠/雙斑綠柳鶯,Greenish/Two-barred Warbler,Phylloscopus trochiloides/plumbeitarsus,
淡腳柳鶯,淡腳柳鶯,Pale-legged Leaf Warbler,Phylloscopus tenellipes,"PLLW,PHTE"
庫頁島柳鶯,庫頁島柳鶯,Sakhalin Leaf Warbler,Phylloscopus borealoides,"SLWA,PHBO"
淡腳/庫頁島柳鶯,淡腳/庫頁島柳鶯,Pale-legged/Sakhalin Leaf Warbler,Phylloscopus tenellipes/borealoides,
日本柳鶯,日本柳鶯,Japanese Leaf Warbler,Phylloscopus xanthodryas,"JLWA,PHXA"
極北柳鶯,極北柳鶯,Arctic Warbler,Phylloscopus borealis,"ARWA,PHBO"
日本/極北柳鶯,日本/極北柳鶯,Japanese Leaf/Arctic Warbler,Phylloscopus xanthodryas/borealis,
勘察加柳鶯,勘察加柳鶯,Kamchatka Leaf Warbler,Phylloscopus examinandus,"KLWA,PHEX"
極北/勘察加柳鶯,極北/勘察加柳鶯,Arctic/Kamchatka Leaf Warbler,Phylloscopus borealis/examinandus,"AKLW,KLWA,ARWA,PHBO,PHEX"
日本/極北/勘察加柳鶯,日本/極北/勘察加柳鶯,Japanese Leaf/Arctic/Kamchatka Leaf Warbler,Phylloscopus xanthodryas/borealis/examinandus,
栗頭鶲鶯,栗頭鶲鶯,Chestnut-crowned Warbler,Phylloscopus castaniceps,"CCWA,PHCA"
黑眉柳鶯,黑眉柳鶯,Sulphur-breasted Warbler,Phylloscopus ricketti,"SBWA,PHRI"
克氏冠紋柳鶯,克氏冠紋柳鶯,Claudia's Leaf Warbler,Phylloscopus claudiae,"CLWA,PHCL"
哈氏冠紋柳鶯,哈氏冠紋柳鶯,Hartert's Leaf Warbler,Phylloscopus goodsoni,"HLWA,PHGO"
克氏/哈氏/布氏冠紋柳鶯,克氏/哈氏/布氏冠紋柳鶯,Blyth's/Claudia's/Hartert's Leaf Warbler,Phylloscopus reguloides/claudiae/goodsoni,
柳鶯屬(XX柳鶯),柳鶯屬,Phylloscopus sp.,Phylloscopus sp.,
短尾鶯,短尾鶯,Asian Stubtail,Urosphena squameiceps,"ASST,URSQ"
棕面鶯,棕面鶯,Rufous-faced Warbler,Abroscopus albogularis,"RFWA,ABAL"
日本樹鶯,日本樹鶯,Japanese Bush Warbler,Horornis diphone,"JABW,JBWA,HODI"
遠東樹鶯,遠東樹鶯,Manchurian Bush Warbler,Horornis canturians,"MBWA,HOCA"
日本/遠東樹鶯(短翅樹鶯),日本/遠東樹鶯,Japanese/Manchurian Bush Warbler,Horornis diphone/canturians,"JBWA,JABW,MBWA,HOCA,HODI"
小鶯,小鶯,Brownish-flanked Bush Warbler,Horornis fortipes,"BFBW,HOFO"
深山鶯,深山鶯,Yellowish-bellied Bush Warbler,Horornis acanthizoides,"YBBW,HOAC"
小鶯/深山鶯,小鶯/深山鶯,Brownish-flanked/Yellowish-bellied Bush Warbler,Horornis fortipes/acanthizoides,
樹鶯屬(XX樹鶯),樹鶯屬,bush warbler sp.,Horornis sp.,
紅頭山雀,紅頭山雀,Black-throated Tit,Aegithalos concinnus,"BTTI,BTBU,AECO"
漠地林鶯,漠地林鶯,Asian Desert Warbler,Sylvia nana,"ADWA,SYNA"
白喉林鶯,白喉林鶯,Lesser Whitethroat,Sylvia curruca,"LEWH,SYCU"
林鶯屬(XX林鶯),林鶯屬,Sylvia sp.,Sylvia sp.,
褐頭花翼,褐頭花翼,Taiwan Fulvetta,Fulvetta formosana,"TAFU,FUFO"
粉紅鸚嘴,粉紅鸚嘴,Vinous-throated Parrotbill,Sinosuthora webbiana,"VTPA,SIWE"
黃羽鸚嘴,黃羽鸚嘴,Golden Parrotbill,Suthora verreauxi,"GOPA,SUVE"
栗耳鳳鶥,栗耳鳳鶥,Indochinese Yuhina,Yuhina torqueola,"INYU,YUTO"
冠羽畫眉,冠羽畫眉,Taiwan Yuhina,Yuhina brunneiceps,"TAYU,YUBR"
紅脇繡眼,紅脇繡眼,Chestnut-flanked White-eye,Zosterops erythropleurus,"CFWE,ZOER"
日菲繡眼,日菲繡眼,Warbling White-eye,Zosterops japonicus,"WAWE,WWEY,ZOJA"
斯氏繡眼,斯氏繡眼,Swinhoe's White-eye,Zosterops simplex,"SWWE,SWEY,ZOSI"
綠繡眼,斯氏繡眼,Swinhoe's White-eye,Zosterops simplex,"SWWE,SWEY,ZOSI"
低地繡眼,低地繡眼,Lowland White-eye,Zosterops meyeni,"LWEY,LOWE,ZOME"
繡眼屬(XX繡眼),繡眼屬,Zosterops sp.,Zosterops sp.,
繡眼科(XX繡眼),繡眼科,white-eye sp.,Zosteropidae sp.,
山紅頭,山紅頭,Rufous-capped Babbler,Cyanoderma ruficeps,"RCBA,CYRU"
小彎嘴,小彎嘴,Taiwan Scimitar-Babbler,Pomatorhinus musicus,"TSBA,TASB,POMU"
大彎嘴,大彎嘴,Black-necklaced Scimitar-Babbler,Megapomatorhinus erythrocnemis,"BNSB,MEER"
頭烏線,頭烏線,Dusky Fulvetta,Schoeniparus brunneus,"DUFU,SCBR"
繡眼畫眉,繡眼畫眉,Morrison's Fulvetta,Alcippe morrisonia,"MOFU,GCFU,ALMO"
黑臉噪鶥,黑臉噪鶥,Masked Laughingthrush,Garrulax perspicillatus,"MALA,GAPE"
大陸畫眉,大陸畫眉,Chinese Hwamei,Garrulax canorus,"HWAM,CHHW,GACA"
台灣畫眉,台灣畫眉,Taiwan Hwamei,Garrulax taewanus,"TAHW,GATA"
台灣/大陸畫眉,台灣/大陸畫眉,Chinese/Taiwan Hwamei,Garrulax canorus/taewanus,"HWAM,TAHW,CHHW,GACA,GATA"
噪眉屬(XX噪眉),噪眉屬,Garrulax sp.,Garrulax sp.,
台灣白喉噪眉,台灣白喉噪眉,Rufous-crowned Laughingthrush,Ianthocincla ruficeps,"RCLA,IARU"
黑喉噪眉,黑喉噪眉,Black-throated Laughingthrush,Ianthocincla chinensis,"BTLA,IACH"
棕噪眉,棕噪眉,Rusty Laughingthrush,Ianthocincla poecilorhyncha,"RULA,IAPO"
竹鳥,棕噪眉,Rusty Laughingthrush,Ianthocincla poecilorhyncha,"RULA,IAPO"
白頰噪眉,白頰噪眉,White-browed Laughingthrush,Ianthocincla sannio,"WBLA,IASA"
藍噪眉屬,藍噪眉屬,Ianthocincla sp.,Ianthocincla sp.,
台灣噪眉,台灣噪眉,White-whiskered Laughingthrush,Trochalopteron morrisonianum,"WWLA,TRMO"
金翼白眉,台灣噪眉,White-whiskered Laughingthrush,Trochalopteron morrisonianum,"WWLA,TRMO"
噪眉類,噪眉類,laughingthrush sp.,Garrulax/Ianthocincla/Trochalopteron/Montecincla sp.,
白耳畫眉,白耳畫眉,White-eared Sibia,Heterophasia auricularis,"WESI,HEAU"
紅嘴相思鳥,紅嘴相思鳥,Red-billed Leiothrix,Leiothrix lutea,"RBLE,LELU"
黃胸藪眉,黃胸藪眉,Steere's Liocichla,Liocichla steerii,"STLI,LIST"
藪鳥,黃胸藪眉,Steere's Liocichla,Liocichla steerii,"STLI,LIST"
紋翼畫眉,紋翼畫眉,Taiwan Barwing,Actinodura morrisoniana,"TABA,ACMO"
戴菊鳥,戴菊鳥,Goldcrest,Regulus regulus,"GOLD,RERE"
火冠戴菊鳥,火冠戴菊鳥,Flamecrest,Regulus goodfellowi,"FLAM,REGO"
茶腹鳾,茶腹鳾,Eurasian Nuthatch,Sitta europaea,"EUNU,SIEU"
鷦鷯,鷦鷯,Eurasian Wren,Troglodytes troglodytes,"EUWR,TRTR"
河烏,河烏,Brown Dipper,Cinclus pallasii,"BRDI,CIPA"
亞洲輝椋鳥,輝椋鳥,Asian Glossy Starling,Aplonis panayensis,"AGST,APPA"
九官鳥,九官鳥,Common Hill Myna,Gracula religiosa,"CHIM,CHMY,GRRE"
歐洲椋鳥,歐洲椋鳥,European Starling,Sturnus vulgaris,"EUST,COST,STVU"
粉紅椋鳥,粉紅椋鳥,Rosy Starling,Pastor roseus,"RCST,ROST,PARO"
北椋鳥,北椋鳥,Daurian Starling,Agropsar sturninus,"DAST,PBST,AGST"
小椋鳥,小椋鳥,Chestnut-cheeked Starling,Agropsar philippensis,"CCST,AGPH"
北/小椋鳥,北/小椋鳥,Daurian/Chestnut-cheeked Starling,Agropsar sturninus/philippensis,
黑領椋鳥,黑領椋鳥,Black-collared Starling,Gracupica nigricollis,"BCST,GRNI"
灰背椋鳥,灰背椋鳥,White-shouldered Starling,Sturnia sinensis,"WSST,STSI"
灰頭椋鳥,灰頭椋鳥,Chestnut-tailed Starling,Sturnia malabarica,"CTST,STMA"
栗尾椋鳥,灰頭椋鳥,Chestnut-tailed Starling,Sturnia malabarica,"CTST,STMA"
絲光椋鳥,絲光椋鳥,Red-billed Starling,Spodiopsar sericeus,"RBST,SPSE"
灰椋鳥,灰椋鳥,White-cheeked Starling,Spodiopsar cineraceus,"WCST,SPCI"
家八哥,家八哥,Common Myna,Acridotheres tristis,"COMY,PIHA,ACTR"
葡萄胸椋鳥,葡萄胸椋鳥,Vinous-breasted Starling,Acridotheres burmannicus,"VBST,ACBU"
林八哥,林八哥,Jungle Myna,Acridotheres fuscus,"JUMY,ACFU"
白尾八哥,白尾八哥,Javan Myna,Acridotheres javanicus,"JAMY,ACJA"
大八哥(叢八哥),大八哥(叢八哥),Great Myna,Acridotheres grandis,"GRMY,ACGR"
八哥(冠八哥),八哥(冠八哥),Crested Myna,Acridotheres cristatellus,"CRMY,ACCR"
八哥屬(XX八哥),八哥屬,Acridotheres sp.,Acridotheres sp.,
椋鳥科(XX椋鳥),椋鳥科,myna/starling sp.,Sturnidae sp.,
白氏地鶇,白氏地鶇,White's Thrush,Zoothera aurea,"WHTH,ZOAU"
虎斑地鶇,虎斑地鶇,Scaly Thrush,Zoothera dauma,"SCTH,ZODA"
虎斑地鶇(小虎鶇),虎斑地鶇(指名亞種/小虎鶇),Scaly Thrush (Scaly),Zoothera dauma dauma,"SCTH,ZODA"
白氏/虎斑地鶇(虎鶇),白氏/虎斑地鶇,White's/Scaly Thrush,Zoothera aurea/dauma,"WHTH,SCTH,ZODA,ZOAU"
白眉地鶇,白眉地鶇,Siberian Thrush,Geokichla sibirica,"SITH,GESI"
橙頭地鶇,橙頭地鶇,Orange-headed Thrush,Geokichla citrina,"OHTH,GECI"
寶興歌鶇,寶興歌鶇,Chinese Thrush,Otocichla mupinensis,"CHTH,OTMU"
中國黑鶇,中國黑鶇,Chinese Blackbird,Turdus mandarinus,"CHBL,TUMA"
白頭鶇,白頭鶇,Taiwan Thrush,Turdus niveiceps,"ISTH,TATH,TUNI"
烏灰鶇,烏灰鶇,Japanese Thrush,Turdus cardis,"JATH,TUCA"
灰背鶇,灰背鶇,Gray-backed Thrush,Turdus hortulorum,"GBTH,TUHO"
白眉鶇,白眉鶇,Eyebrowed Thrush,Turdus obscurus,"EYTH,TUOB"
赤腹鶇,赤腹鶇,Brown-headed Thrush,Turdus chrysolaus,"BHTH,TUCH"
白腹鶇,白腹鶇,Pale Thrush,Turdus pallidus,"PATH,TUPA"
黑頸鶇,黑頸鶇,Black-throated Thrush,Turdus atrogularis,"BTTH,TUAT"
赤頸鶇,赤頸鶇,Red-throated Thrush,Turdus ruficollis,"RTTH,TURU"
斑點鶇,斑點鶇,Dusky Thrush,Turdus eunomus,"DUTH,TUEU"
紅尾鶇,紅尾鶇,Naumann's Thrush,Turdus naumanni,"NATH,TUNA"
斑點/紅尾鶇,斑點/紅尾鶇,Dusky/Naumann's Thrush,Turdus eunomus/naumanni,
鶇屬(XX鶇),鶇屬,Turdus sp.,Turdus sp.,
鶇科(XX鶇),鶇科,thrush sp.,Turdidae sp.,
灰斑鶲,灰斑鶲,Gray-streaked Flycatcher,Muscicapa griseisticta,"GSFL,MUGR"
烏鶲,烏鶲,Dark-sided Flycatcher,Muscicapa sibirica,"DSFL,MUSI"
灰斑鶲/烏鶲,灰斑鶲/烏鶲,Gray-streaked/Dark-sided Flycatcher,Muscicapa griseisticta/sibirica,
紅尾鶲,紅尾鶲,Ferruginous Flycatcher,Muscicapa ferruginea,"FEFL,MUFE"
寬嘴鶲,寬嘴鶲,Asian Brown Flycatcher,Muscicapa dauurica,"ABFL,MUDA"
褐胸鶲,褐胸鶲,Brown-breasted Flycatcher,Muscicapa muttui,"BBFL,MUMU"
斑鶲,斑鶲,Spotted Flycatcher,Muscicapa striata,"SPFL,MUST"
鶲屬(XX鶲),鶲屬,Muscicapa sp.,Muscicapa sp.,
鵲鴝,鵲鴝,Oriental Magpie-Robin,Copsychus saularis,"ORMR,OMRO,COSA"
白腰鵲鴝,白腰鵲鴝,White-rumped Shama,Copsychus malabaricus,"WRSH,WRCS,COMA"
海南藍仙鶲,海南藍仙鶲,Hainan Blue Flycatcher,Cyornis hainanus,"HBFL,CYHA"
白喉林鶲,白喉林鶲,Brown-chested Jungle-Flycatcher,Cyornis brunneatus,"BCJF,CYBR"
棕腹大仙鶲,棕腹大仙鶲,Fujian Niltava,Niltava davidi,"FUNI,NIDA"
棕腹仙鶲,棕腹仙鶲,Rufous-bellied Niltava,Niltava sundara,"RBNI,NISU"
黃腹琉璃,黃腹琉璃,Vivid Niltava,Niltava vivida,"VINI,NIVI"
仙鶲屬,仙鶲屬,niltava sp.,Niltava sp.,
白腹琉璃,白腹琉璃,Blue-and-white Flycatcher,Cyanoptila cyanomelana,"BAWF,CYCY"
琉璃藍鶲,琉璃藍鶲,Zappey's Flycatcher,Cyanoptila cumatilis,"ZAFL,CYCU"
白腹琉璃/琉璃藍鶲,白腹琉璃/琉璃藍鶲,Blue-and-white/Zappey's Flycatcher,Cyanoptila cyanomelana/cumatilis,
銅藍鶲,銅藍鶲,Verditer Flycatcher,Eumyias thalassinus,"VEFL,EUTH"
白喉短翅鶇,白喉短翅鶇,Lesser Shortwing,Brachypteryx leucophris,"LESH,BRLE"
小翼鶇,小翼鶇,Taiwan Shortwing,Brachypteryx goodfellowi,"WBSH,TASH,BRGO"
紅尾歌鴝,紅尾歌鴝,Rufous-tailed Robin,Larvivora sibilans,"RTRO,LASI"
日本歌鴝,日本歌鴝,Japanese Robin,Larvivora akahige,"JARO,LAAK"
琉球歌鴝,琉球歌鴝,Ryukyu Robin,Larvivora komadori,"RYRO,LAKO"
藍歌鴝,藍歌鴝,Siberian Blue Robin,Larvivora cyane,"SBRO,LACY"
藍喉鴝,藍喉鴝,Bluethroat,Luscinia svecica,"BLUE,LUSV"
台灣紫嘯鶇,台灣紫嘯鶇,Taiwan Whistling-Thrush,Myophonus insularis,"TWTH,TAWT,MYIN"
白斑紫嘯鶇,白斑紫嘯鶇,Blue Whistling-Thrush,Myophonus caeruleus,"BLWT,BWTH,MYCA"
白斑紫嘯鶇(黑嘴),白斑紫嘯鶇(黑嘴),Blue Whistling-Thrush (Black-billed),Myophonus caeruleus caeruleus,
紫嘯鶇屬,紫嘯鶇屬,whistling-thrush sp.,Myophonus sp.,
小剪尾,小剪尾,Little Forktail,Enicurus scouleri,"LIFO,ENSC"
野鴝,野鴝,Siberian Rubythroat,Calliope calliope,"SIRU,CACA"
白尾鴝,白尾鴝,White-tailed Robin,Myiomela leucura,"WTRO,MYLE"
藍尾鴝,藍尾鴝,Red-flanked Bluetail,Tarsiger cyanurus,"RFBL,TACY"
白眉林鴝,白眉林鴝,White-browed Bush-Robin,Tarsiger indicus,"WBBR,TAIN"
栗背林鴝,栗背林鴝,Collared Bush-Robin,Tarsiger johnstoniae,"COBR,CBRO,TAJO"
白眉/栗背林鴝,白眉/栗背林鴝,White-browed/Collared Bush-Robin,Tarsiger indicus/johnstoniae,"WBBR,CBRO,COBR,TAJO,TAIN"
白眉鶲,白眉鶲,Yellow-rumped Flycatcher,Ficedula zanthopygia,"KOFL,YRFL,FIZA"
綠背姬鶲,綠背姬鶲,Green-backed Flycatcher,Ficedula elisae,"GBFL,FIEL"
黃眉黃鶲,黃眉黃鶲,Narcissus Flycatcher,Ficedula narcissina,"NAFL,FINA"
白眉鶲/綠背姬鶲/黃眉黃鶲,白眉鶲/綠背姬鶲/黃眉黃鶲,Yellow-rumped/Green-backed/Narcissus Flycatcher,Ficedula zanthopygia/elisae/narcissina,
白眉黃鶲,白眉黃鶲,Mugimaki Flycatcher,Ficedula mugimaki,"MUFL,FIMU"
銹胸藍姬鶲,銹胸藍姬鶲,Slaty-backed Flycatcher,Ficedula erithacus,"SBFL,FIER"
黃胸青鶲,黃胸青鶲,Snowy-browed Flycatcher,Ficedula hyperythra,"SBFL,FIHY"
橙胸姬鶲,橙胸姬鶲,Rufous-gorgeted Flycatcher,Ficedula strophiata,"RGFL,FIST"
紅喉鶲,紅喉鶲,Taiga Flycatcher,Ficedula albicilla,"TAFL,FIAL"
紅胸鶲,紅胸鶲,Red-breasted Flycatcher,Ficedula parva,"RBFL,FIPA"
紅喉/紅胸鶲,紅喉/紅胸鶲,Taiga/Red-breasted Flycatcher,Ficedula albicilla/parva,"RBFL,TAFL,FIPA,FIAL"
姬鶲屬,姬鶲屬,Ficedula sp.,Ficedula sp.,
藍額紅尾鴝,藍額紅尾鴝,Blue-fronted Redstart,Phoenicurus frontalis,"BFRE,PHFR"
鉛色水鶇,鉛色水鶇,Plumbeous Redstart,Phoenicurus fuliginosus,"PLRE,PWRE,PHFU"
白頂溪鴝,白頂溪鴝,White-capped Redstart,Phoenicurus leucocephalus,"WCRE,PHLE"
赭紅尾鴝,赭紅尾鴝,Black Redstart,Phoenicurus ochruros,"BLRE,PHOC"
黃尾鴝,黃尾鴝,Daurian Redstart,Phoenicurus auroreus,"DARE,PHAU"
白喉磯鶇,白喉磯鶇,White-throated Rock-Thrush,Monticola gularis,"WTRT,MOGU"
藍磯鶇,藍磯鶇,Blue Rock-Thrush,Monticola solitarius,"BLRT,BRTH,MOSO"
藍磯鶇(藍腹),藍磯鶇(藍腹),Blue Rock-Thrush (pandoo),Monticola solitarius pandoo,"BLRT,BRTH,MOSO"
藍磯鶇(栗腹),藍磯鶇(栗腹),Blue Rock-Thrush (philippensis),Monticola solitarius philippensis,
黑喉鴝,黑喉鴝,Siberian Stonechat,Saxicola maurus,"SIST,SAMA"
白斑黑石䳭,白斑黑石䳭,Pied Bushchat,Saxicola caprata,"PIBU,PBCH,PIST,SACA"
灰叢鴝,灰叢鴝,Gray Bushchat,Saxicola ferreus,"GBCH,GRBU,SAFE"
穗䳭,穗䳭,Northern Wheatear,Oenanthe oenanthe,"NOWH,OEOE"
沙䳭,沙䳭,Isabelline Wheatear,Oenanthe isabellina,"ISWH,OEIS"
漠䳭,漠䳭,Desert Wheatear,Oenanthe deserti,"DEWH,OEDE"
白頂䳭,白頂䳭,Pied Wheatear,Oenanthe pleschanka,"PIWH,OEPL"
䳭屬,䳭屬,wheatear sp.,Oenanthe sp.,
鶲科,鶲科,Muscicapid sp.,Muscicapidae sp.,
黃連雀,黃連雀,Bohemian Waxwing,Bombycilla garrulus,"BOWA,BOGA"
朱連雀,朱連雀,Japanese Waxwing,Bombycilla japonica,"JAWA,BOJA"
綠啄花,綠啄花,Plain Flowerpecker,Dicaeum minullum,"PLFL,DIMI"
紅胸啄花,紅胸啄花,Fire-breasted Flowerpecker,Dicaeum ignipectus,"FBFL,DIIG"
啄花屬(XX啄花),啄花屬,Dicaeum sp.,Dicaeum sp.,
黃腹花蜜鳥,黃腹花蜜鳥,Olive-backed Sunbird,Cinnyris jugularis,"OBSU,CIJU"
藍喉太陽鳥,藍喉太陽鳥,Mrs. Gould's Sunbird,Aethopyga gouldiae,"MGSU,GOSU,AEGO"
叉尾太陽鳥,叉尾太陽鳥,Fork-tailed Sunbird,Aethopyga christinae,"FTSU,AECH"
黑頭織雀,黑頭織雀,Village Weaver,Ploceus cucullatus,"VIWE,PLCU"
橙頰梅花雀,橙頰梅花雀,Orange-cheeked Waxbill,Estrilda melpoda,"OCHW,OCWA,ESME"
橫斑梅花雀,橫斑梅花雀,Common Waxbill,Estrilda astrild,"COMW,COWA,ESAS"
紅梅花雀,紅梅花雀,Red Avadavat,Amandava amandava,"REAV,AMAM"
白喉文鳥,白喉文鳥,Indian Silverbill,Euodice malabarica,"INSI,EUMA"
白腰文鳥,白腰文鳥,White-rumped Munia,Lonchura striata,"WRMU,LOST"
斑文鳥,斑文鳥,Scaly-breasted Munia,Lonchura punctulata,"SBMU,LOPU"
黑頭文鳥,黑頭文鳥,Chestnut Munia,Lonchura atricapilla,"CHMU,LOAT"
白頭文鳥,白頭文鳥,White-headed Munia,Lonchura maja,"WHMU,LOMA"
爪哇雀,爪哇雀,Java Sparrow,Lonchura oryzivora,"JASP,LOOR"
文鳥屬(XX文鳥),文鳥屬,Lonchura sp.,Lonchura sp.,
針尾維達雀,針尾維達雀,Pin-tailed Whydah,Vidua macroura,"PTWH,VIMA"
岩鷚,岩鷚,Alpine Accentor,Prunella collaris,"ALAC,PRCO"
家麻雀,家麻雀,House Sparrow,Passer domesticus,"HOSP,PADO"
山麻雀,山麻雀,Russet Sparrow,Passer cinnamomeus,"RUSP,PACI"
麻雀,麻雀,Eurasian Tree Sparrow,Passer montanus,"ETSP,PAMO"
麻雀屬,麻雀屬,Passer sp.,Passer sp.,
山鶺鴒,山鶺鴒,Forest Wagtail,Dendronanthus indicus,"FOWA,DEIN"
灰鶺鴒,灰鶺鴒,Gray Wagtail,Motacilla cinerea,"GRAW,GRWA,MOCI"
西方黃鶺鴒,西方黃鶺鴒,Western Yellow Wagtail,Motacilla flava,"WYWA,MOFL"
西方黃鶺鴒(灰頭),西方黃鶺鴒(灰頭),Western Yellow Wagtail (thunbergi),Motacilla flava thunbergi,
東方黃鶺鴒,東方黃鶺鴒,Eastern Yellow Wagtail,Motacilla tschutschensis,"EYWA,MOTS"
東方黃鶺鴒(白眉),東方黃鶺鴒(白眉),Eastern Yellow Wagtail (Eastern),Motacilla tschutschensis tschutschensis/plexa,
東方黃鶺鴒(黃眉),東方黃鶺鴒(黃眉),Eastern Yellow Wagtail (Green-headed),Motacilla tschutschensis taivana,
東方黃鶺鴒(藍頭),東方黃鶺鴒(藍頭),Eastern Yellow Wagtail (Manchurian),Motacilla tschutschensis macronyx,
黃頭鶺鴒,黃頭鶺鴒,Citrine Wagtail,Motacilla citreola,"CIWA,MOCI"
日本鶺鴒,日本鶺鴒,Japanese Wagtail,Motacilla grandis,"JAWA,MOGR"
白鶺鴒,白鶺鴒,White Wagtail,Motacilla alba,"WHWA,PWWA,MOAL"
白鶺鴒(灰背眼紋),白鶺鴒(灰背眼紋),White Wagtail (ocularis),Motacilla alba ocularis,
白鶺鴒(黑背眼紋),白鶺鴒(黑背眼紋),White Wagtail (Black-backed),Motacilla alba lugens,
白鶺鴒(白面),白鶺鴒(白面),White Wagtail (Chinese),Motacilla alba leucopsis,"PWWA,WHWA,MOAL"
鶺鴒屬(XX鶺鴒),鶺鴒屬,wagtail sp.,Motacilla sp.,
大花鷚,大花鷚,Richard's Pipit,Anthus richardi,"RIPI,ANRI"
田鷚,田鷚,Paddyfield Pipit,Anthus rufulus,"PAPI,ANRU"
布萊氏鷚,布萊氏鷚,Blyth's Pipit,Anthus godlewskii,"BLPI,ANGO"
草地鷚,草地鷚,Meadow Pipit,Anthus pratensis,"MEPI,ANPR"
林鷚,林鷚,Tree Pipit,Anthus trivialis,"TRPI,ANTR"
樹鷚,樹鷚,Olive-backed Pipit,Anthus hodgsoni,"OBPI,ANHO"
林/樹鷚,林/樹鷚,Tree/Olive-backed Pipit,Anthus trivialis/hodgsoni,
白背鷚,白背鷚,Pechora Pipit,Anthus gustavi,"PEPI,ANGU"
赤喉鷚,赤喉鷚,Red-throated Pipit,Anthus cervinus,"RTPI,ANCE"
水鷚,水鷚,Water Pipit,Anthus spinoletta,"WAPI,ANSP"
黃腹鷚,黃腹鷚,American Pipit,Anthus rubescens,"AMPI,BBPI,ANRU"
鷚屬(XX鷚),鷚屬,pipit sp.,Anthus sp.,
花雀,花雀,Brambling,Fringilla montifringilla,"BRAM,FRMO"
臘嘴雀,臘嘴雀,Hawfinch,Coccothraustes coccothraustes,"HAWF,COCO"
小桑鳲,小桑鳲,Yellow-billed Grosbeak,Eophona migratoria,"YBGR,CHGR,EOMI"
桑鳲,桑鳲,Japanese Grosbeak,Eophona personata,"JAGR,EOPE"
普通朱雀,普通朱雀,Common Rosefinch,Carpodacus erythrinus,"CORO,CAER"
台灣朱雀,台灣朱雀,Taiwan Rosefinch,Carpodacus formosanus,"TARO,CAFO"
褐鷽,褐鷽,Brown Bullfinch,Pyrrhula nipalensis,"BRBU,PYNI"
灰鷽,灰鷽,Gray-headed Bullfinch,Pyrrhula erythaca,"GHBU,PYER"
褐鷽/灰鷽,褐鷽/灰鷽,Brown/Gray-headed Bullfinch,Pyrrhula nipalensis/erythaca,
金翅雀,金翅雀,Oriental Greenfinch,Chloris sinica,"ORGR,GCGR,CHSI"
黃額絲雀,黃額絲雀,Yellow-fronted Canary,Crithagra mozambica,"YFCA,CRMO"
普通朱頂雀,普通朱頂雀,Common Redpoll,Acanthis flammea,"CORE,ACFL"
黃雀,黃雀,Eurasian Siskin,Spinus spinus,"EUSI,SPSP"
雀科,雀科,finch sp.,Fringillidae sp.,
鐵爪鵐,鐵爪鵐,Lapland Longspur,Calcarius lapponicus,"LALO,LABU,CALA"
冠鵐,冠鵐,Crested Bunting,Emberiza lathami,"CRBU,EMLA"
黑頭鵐,黑頭鵐,Black-headed Bunting,Emberiza melanocephala,"BHBU,EMME"
褐頭鵐,褐頭鵐,Red-headed Bunting,Emberiza bruniceps,"RHBU,EMBR"
黑頭/褐頭鵐,黑頭/褐頭鵐,Black-headed/Red-headed Bunting,Emberiza melanocephala/bruniceps,
赤胸鵐,赤胸鵐,Chestnut-eared Bunting,Emberiza fucata,"CEBU,EMFU"
草鵐,草鵐,Meadow Bunting,Emberiza cioides,"MEBU,EMCI"
白頭鵐,白頭鵐,Pine Bunting,Emberiza leucocephalos,"PIBU,EMLE"
黃喉鵐,黃喉鵐,Yellow-throated Bunting,Emberiza elegans,"YTBU,EMEL"
紅頸葦鵐,紅頸葦鵐,Ochre-rumped Bunting,Emberiza yessoensis,"JRBU,ORBU,EMYE"
葦鵐,葦鵐,Pallas's Bunting,Emberiza pallasi,"PALB,PRBU,PABU,EMPA"
蘆鵐,蘆鵐,Reed Bunting,Emberiza schoeniclus,"REBU,CRBU,EMSC"
金鵐,金鵐,Yellow-breasted Bunting,Emberiza aureola,"YBSB,YBBU,EMAU"
小鵐,小鵐,Little Bunting,Emberiza pusilla,"LIBU,EMPU"
田鵐,田鵐,Rustic Bunting,Emberiza rustica,"RUBU,EMRU"
野鵐,野鵐,Yellow Bunting,Emberiza sulphurata,"YEBU,EMSU"
黑臉鵐,黑臉鵐,Black-faced Bunting,Emberiza spodocephala,"BFBU,EMSP"
銹鵐,銹鵐,Chestnut Bunting,Emberiza rutila,"CHBU,EMRU"
黃眉鵐,黃眉鵐,Yellow-browed Bunting,Emberiza chrysophrys,"YBWB,YBBU,EMCH"
白眉鵐,白眉鵐,Tristram's Bunting,Emberiza tristrami,"TRBU,EMTR"
灰鵐,灰鵐,Gray Bunting,Emberiza variabilis,"GRBU,EMVA"
鵐屬(XX鵐),鵐屬,Emberiza sp.,Emberiza sp.,
紅冠唐納雀,紅冠唐納雀,Red-crested Cardinal,Paroaria coronata,"RCCA,PACO"
雀形目,雀形目,passerine sp.,Passeriformes sp.,
鳥類,鳥類,bird sp.,Aves sp.,UNBI
台灣獼猴,,,,MK
臺灣獼猴,,,,MK
小型鴴類,小型鴴類,small plover sp.,Charadrius sp.,
其他,其他,,,"ETC,OTHER"
