id,fid,cname,ename,sname,shortname
1,1,樹鴨,Lesser Whistling-Duck,Dendrocygna javanica,"LWDU,DEJA"
2,1,灰雁,Graylag Goose,Anser anser,"GRGO,ANAN"
3,1,鴻雁,Swan Goose,Anser cygnoides,"SWGO,ANCY"
4,1,白額雁,Greater White-fronted Goose,Anser albifrons,"GWFG,ANAL"
5,1,小白額雁,Lesser White-fronted Goose,Anser erythropus,"LWFG,ANER"
6,1,寒林豆雁,Taiga Bean-Goose,Anser fabalis,"TABG,TBGO,ANFA"
7,1,凍原豆雁,Tundra Bean-Goose,Anser serrirostris,"TUBG,TBGO,ANSE"
8,1,黑雁,Brant,Branta bernicla,"BRAN,BRBE"
9,1,疣鼻天鵝,Mute Swan,Cygnus olor,"MUSW,CYOL"
10,1,小天鵝,Tundra Swan,Cygnus columbianus,"TUSW,BESW,CYCO"
11,1,黃嘴天鵝,Whooper Swan,Cygnus cygnus,"WHOS,WHSW,CYCY"
12,1,瀆鳧,Ruddy Shelduck,Tadorna ferruginea,"RUSH,TAFE"
13,1,花鳧,Common Shelduck,Tadorna tadorna,"COMS,COSH,TATA"
14,1,棉鴨,Cotton Pygmy-Goose,Nettapus coromandelianus,"COPG,CPGO,NECO"
15,1,鴛鴦,Mandarin Duck,Aix galericulata,"MADU,AIGA"
16,1,巴鴨,Baikal Teal,Sibirionetta formosa,"BATE,SIFO"
17,1,白眉鴨,Garganey,Spatula querquedula,"GARG,SPQU"
18,1,琵嘴鴨,Northern Shoveler,Spatula clypeata,"NSHO,KOMO,NOSH,SPCL"
19,1,赤膀鴨,Gadwall,Mareca strepera,"GADW,MAST"
20,1,羅文鴨,Falcated Duck,Mareca falcata,"FADU,MAFA"
21,1,赤頸鴨,Eurasian Wigeon,Mareca penelope,"EUWI,MAPE"
22,1,葡萄胸鴨,American Wigeon,Mareca americana,"AMWI,MAAM"
23,1,呂宋鴨,Philippine Duck,Anas luzonica,"PHDU,ANLU"
24,1,花嘴鴨,Eastern Spot-billed Duck,Anas zonorhyncha,"ESBD,ANZO"
25,1,綠頭鴨,Mallard,Anas platyrhynchos,"MALL,ANPL"
26,1,尖尾鴨,Northern Pintail,Anas acuta,"NOPI,KOMA,ANAC"
27,1,小水鴨,Green-winged Teal,Anas crecca,"GWTE,EUTE,EGWT,EWTE,ANCR"
28,1,赤嘴潛鴨,Red-crested Pochard,Netta rufina,"RCPO,NERU"
29,1,帆背潛鴨,Canvasback,Aythya valisineria,"CANV,AYVA"
30,1,紅頭潛鴨,Common Pochard,Aythya ferina,"COMP,COPO,AYFE"
31,1,環頸潛鴨,Ring-necked Duck,Aythya collaris,"RNDU,AYCO"
32,1,白眼潛鴨,Ferruginous Duck,Aythya nyroca,"FEDU,AYNY"
33,1,青頭潛鴨,Baer's Pochard,Aythya baeri,"BAPO,AYBA"
34,1,鳳頭潛鴨,Tufted Duck,Aythya fuligula,"TUDU,AYFU"
35,1,斑背潛鴨,Greater Scaup,Aythya marila,"GRSC,AYMA"
36,1,小斑背潛鴨,Lesser Scaup,Aythya affinis,"LESC,AYAF"
37,1,長尾鴨,Long-tailed Duck,Clangula hyemalis,"LTDU,CLHY"
38,1,鵲鴨,Common Goldeneye,Bucephala clangula,"COGO,BUCL"
39,1,白秋沙,Smew,Mergellus albellus,"SMEW,MEAL"
40,1,川秋沙,Common Merganser,Mergus merganser,"COME,GOOS,MEME"
41,1,紅胸秋沙,Red-breasted Merganser,Mergus serrator,"RBME,MESE"
42,1,唐秋沙,Scaly-sided Merganser,Mergus squamatus,"SSME,MESQ"
43,2,台灣山鷓鴣,Taiwan Partridge,Arborophila crudigularis,"TAPA,ARCR"
44,2,藍孔雀,Indian Peafowl,Pavo cristatus,"INPE,PACR"
45,2,小鵪鶉,Blue-breasted Quail,Synoicus chinensis,"KIQU,BBQU,SYCH"
46,2,鵪鶉,Japanese Quail,Coturnix japonica,"JAQU,COJA"
47,2,台灣竹雞,Taiwan Bamboo-Partridge,Bambusicola sonorivox,"TABP,TBPA,BASO"
48,2,黑長尾雉,Mikado Pheasant,Syrmaticus mikado,"MIPH,SYMI"
49,2,環頸雉,Ring-necked Pheasant,Phasianus colchicus,"RNEP,RNPH,COPH,PHCO"
50,2,藍腹鷴,Swinhoe's Pheasant,Lophura swinhoii,"SWPH,LOSW"
51,3,小鸊鷉,Little Grebe,Tachybaptus ruficollis,"LIGR,TARU"
52,3,角鸊鷉,Horned Grebe,Podiceps auritus,"HOGR,POAU"
53,3,赤頸鸊鷉,Red-necked Grebe,Podiceps grisegena,"RNGR,POGR"
54,3,冠鸊鷉,Great Crested Grebe,Podiceps cristatus,"GCGR,POCR"
55,3,黑頸鸊鷉,Eared Grebe,Podiceps nigricollis,"EAGR,BNGR,PONI"
56,4,野鴿,Rock Pigeon,Columba livia,"ROPI,COLI"
57,4,灰林鴿,Ashy Wood-Pigeon,Columba pulchricollis,"ASWP,AWPI,COPU"
58,4,黑林鴿,Japanese Wood-Pigeon,Columba janthina,"JWPI,JAWP,COJA"
59,4,白喉林鴿,Metallic Pigeon ,Columba vitiensis,"MP,COVI"
60,4,金背鳩,Oriental Turtle-Dove,Streptopelia orientalis,"ORTD,OTDO,RTDO,STOR"
61,4,灰斑鳩,Eurasian Collared-Dove,Streptopelia decaocto,"EUCD,CODO,ECDO,STDE"
62,4,紅鳩,Red Collared-Dove,Streptopelia tranquebarica,"RCDO,RECD,RTDO,STTR"
63,4,珠頸斑鳩,Spotted Dove,Streptopelia chinensis,"SPDO,STCH"
64,4,斑尾鵑鳩,Barred Cuckoo-Dove,Macropygia unchall,"BACD,BCDO,MAUN"
65,4,長尾鳩,Philippine Cuckoo-Dove,Macropygia tenuirostris,"PHCD,PCDO,MATE"
66,4,翠翼鳩,Asian Emerald Dove,Chalcophaps indica,"AEDO,CEDO,CHIN"
67,4,橙胸綠鳩,Orange-breasted Green-Pigeon,Treron bicinctus,"OBGP,TRBI"
68,4,厚嘴綠鳩,Thick-billed Green-Pigeon,Treron curvirostra,"TBGP,TRCU"
69,4,綠鳩,White-bellied Green-Pigeon,Treron sieboldii,"WBPI,WBGP,TRSI"
70,4,紅頭綠鳩,Whistling Green-Pigeon,Treron formosae,"WGPI,WHGP,TRFO"
71,4,小綠鳩,Black-chinned Fruit-Dove,Ptilinopus leclancheri,"BCFD,PTLE"
72,5,褐翅鴉鵑,Greater Coucal,Centropus sinensis,"GRCO,CESI"
73,5,番鵑,Lesser Coucal,Centropus bengalensis,"LECO,CEBE"
74,5,冠郭公,Chestnut-winged Cuckoo,Clamator coromandus,"CWCU,CLCO"
75,5,斑翅鳳頭鵑,Pied Cuckoo,Clamator jacobinus,"PICU,JACU,CLJA"
76,5,噪鵑,Asian Koel,Eudynamys scolopaceus,"ASKO,EUSC"
77,5,八聲杜鵑,Plaintive Cuckoo,Cacomantis merulinus,"PLCU,CAME"
78,5,方尾烏鵑,Square-tailed Drongo-Cuckoo,Surniculus lugubris,"STDC,SULU"
79,5,鷹鵑,Large Hawk-Cuckoo,Hierococcyx sparverioides,"LHCU,LAHC,HISP"
80,5,北方鷹鵑,Northern Hawk-Cuckoo,Hierococcyx hyperythrus,"NHCU,NOHC,RUHC,RHCU,HIHY"
81,5,棕腹鷹鵑,Hodgson's Hawk-Cuckoo,Hierococcyx nisicolor,"HOHC,HHCU,HINI"
82,5,小杜鵑,Lesser Cuckoo,Cuculus poliocephalus,"LECU,CUPO"
83,5,四聲杜鵑,Indian Cuckoo,Cuculus micropterus,"INCU,CUMI"
84,5,大杜鵑,Common Cuckoo,Cuculus canorus,"COCU,CUCA"
85,5,北方中杜鵑,Oriental Cuckoo,Cuculus optatus,"ORCU,CUOP"
86,6,普通夜鷹,Gray Nightjar,Caprimulgus jotaka,"GRNI,CAJO"
87,6,南亞夜鷹,Savanna Nightjar,Caprimulgus affinis,"SANI,CAAF"
88,7,白喉針尾雨燕,White-throated Needletail,Hirundapus caudacutus,"WTNE,HICA"
89,7,灰喉針尾雨燕,Silver-backed Needletail,Hirundapus cochinchinensis,"SBNE,HICO"
90,7,紫針尾雨燕,Purple Needletail,Hirundapus celebensis,"PUNE,HICE"
91,7,短嘴金絲燕,Himalayan Swiftlet,Aerodramus brevirostris,"HISW,AEBR"
92,7,叉尾雨燕,Pacific Swift,Apus pacificus,"FTSW,PASW,APPA"
93,7,小雨燕,House Swift,Apus nipalensis,"HOSW,APNI"
94,8,西方秧雞,Water Rail,Rallus aquaticus,"WEWR,WARA,RAAQ"
95,8,東亞秧雞,Brown-cheeked Rail,Rallus indicus,"BCRA,RAIN"
96,8,灰胸秧雞,Slaty-breasted Rail,Lewinia striata,"SBRA,LEST"
97,8,斑胸秧雞,Spotted Crake,Porzana porzana,"SPCR,POPO"
98,8,紅冠水雞,Eurasian Moorhen,Gallinula chloropus,"COMO,EUMO,GACH"
99,8,白冠雞,Eurasian Coot,Fulica atra,"EUCO,FUAT"
100,8,灰頭紫水雞,Gray-headed Swamphen,Porphyrio poliocephalus,"GHSW,POPO"
101,8,董雞,Watercock,Gallicrex cinerea,"WATE,GACI"
102,8,白腹秧雞,White-breasted Waterhen,Amaurornis phoenicurus,"WBWA,AMPH"
103,8,白眉秧雞,White-browed Crake,Amaurornis cinerea,"WBCR,AMCI"
104,8,紅腳秧雞,Red-legged Crake,Rallina fasciata,"RLCR,RAFA"
105,8,灰腳秧雞,Slaty-legged Crake,Rallina eurizonoides,"SLCR,RAEU"
106,8,緋秧雞,Ruddy-breasted Crake,Zapornia fusca,"RBCR,ZAFU"
107,8,斑脇秧雞,Band-bellied Crake,Zapornia paykullii,"BBCR,ZAPA"
108,8,紅腳苦惡鳥,Brown Crake,Zapornia akool,"BRCR,ZAAK"
109,8,小秧雞,Baillon's Crake,Zapornia pusilla,"BACR,MACR,ZAPU"
110,9,簑羽鶴,Demoiselle Crane,Anthropoides virgo,"DECR,ANVI"
111,9,白鶴,Siberian Crane,Leucogeranus leucogeranus,"SICR,LELE"
112,9,沙丘鶴,Sandhill Crane,Antigone canadensis,"SACR,ANCA"
113,9,白枕鶴,White-naped Crane,Antigone vipio,"WNCR,ANVI"
114,9,灰鶴,Common Crane,Grus grus,"CCRA,COCR,GRGR"
115,9,白頭鶴,Hooded Crane,Grus monacha,"HOCR,GRMO"
116,9,丹頂鶴,Red-crowned Crane,Grus japonensis,"RCCR,GRJA"
117,10,高蹺鴴,Black-winged Stilt,Himantopus himantopus,"BWST,EBWS,HIHI"
118,10,反嘴鴴,Pied Avocet,Recurvirostra avosetta,"PIAV,REAV"
119,11,蠣鴴,Eurasian Oystercatcher,Haematopus ostralegus,"EUOY,HAOS"
120,12,灰斑鴴,Black-bellied Plover,Pluvialis squatarola,"BBPL,GRPL,PLSQ"
121,12,太平洋金斑鴴,Pacific Golden-Plover,Pluvialis fulva,"PAGP,KŌLE,PGPL,PLFU"
122,12,小辮鴴,Northern Lapwing,Vanellus vanellus,"NOLA,VAVA"
123,12,跳鴴,Gray-headed Lapwing,Vanellus cinereus,"GHLA,VACI"
124,12,蒙古鴴,Lesser Sand-Plover,Charadrius mongolus,"LSAP,LSPL,LESD,LSDO,LESP,CHMO"
125,12,鐵嘴鴴,Greater Sand-Plover,Charadrius leschenaultii,"GSAP,GSPL,GRSP,GRSD,GSDO,CHLE"
126,12,東方環頸鴴,Kentish Plover,Charadrius alexandrinus,"KEPL,CHAL"
127,12,環頸鴴,Common Ringed Plover,Charadrius hiaticula,"CRPL,RIPL,CHHI"
128,12,劍鴴,Long-billed Plover,Charadrius placidus,"LBPL,CHPL"
129,12,小環頸鴴,Little Ringed Plover,Charadrius dubius,"LRPL,CHDU"
130,12,東方紅胸鴴,Oriental Plover,Charadrius veredus,"ORPL,CHVE"
131,13,彩鷸,Greater Painted-Snipe,Rostratula benghalensis,"GPSN,GRPS,ROBE"
132,14,水雉,Pheasant-tailed Jacana,Hydrophasianus chirurgus,"PTJA,HYCH"
133,15,中杓鷸,Whimbrel,Numenius phaeopus,"WHIM,NUPH"
134,15,小杓鷸,Little Curlew,Numenius minutus,"LICU,LIWH,NUMI"
135,15,黦鷸,Far Eastern Curlew,Numenius madagascariensis,"FECU,EACU,NUMA"
136,15,大杓鷸,Eurasian Curlew,Numenius arquata,"EUCU,NUAR"
137,15,斑尾鷸,Bar-tailed Godwit,Limosa lapponica,"BTGO,LILA"
138,15,黑尾鷸,Black-tailed Godwit,Limosa limosa,"BTGD,BTGO,LILI"
139,15,翻石鷸,Ruddy Turnstone,Arenaria interpres,"RUTU,ARIN"
140,15,大濱鷸,Great Knot,Calidris tenuirostris,"GRKN,CATE"
141,15,紅腹濱鷸,Red Knot,Calidris canutus,"REKN,CACA"
142,15,流蘇鷸,Ruff,Calidris pugnax,"RUFF,CAPU"
143,15,寬嘴鷸,Broad-billed Sandpiper,Calidris falcinellus,"BBIS,BBSA,CAFA"
144,15,尖尾濱鷸,Sharp-tailed Sandpiper,Calidris acuminata,"SPTS,STSA,CAAC"
145,15,高蹺濱鷸,Stilt Sandpiper,Calidris himantopus,"STSA,CAHI"
146,15,彎嘴濱鷸,Curlew Sandpiper,Calidris ferruginea,"CUSA,CAFE"
147,15,丹氏濱鷸,Temminck's Stint,Calidris temminckii,"TEST,CATE"
148,15,長趾濱鷸,Long-toed Stint,Calidris subminuta,"LTST,CASU"
149,15,琵嘴鷸,Spoon-billed Sandpiper,Calidris pygmaea,"SBSA,CAPY"
150,15,紅胸濱鷸,Red-necked Stint,Calidris ruficollis,"RNST,CARU"
151,15,三趾濱鷸,Sanderling,Calidris alba,"SAND,HUNA,CAAL"
152,15,黑腹濱鷸,Dunlin,Calidris alpina,"DUNL,CAAL"
153,15,小濱鷸,Little Stint,Calidris minuta,"LIST,CAMI"
154,15,黃胸鷸,Buff-breasted Sandpiper,Calidris subruficollis,"BBSA,CASU"
155,15,美洲尖尾濱鷸,Pectoral Sandpiper,Calidris melanotos,"PESA,CAME"
156,15,西濱鷸,Western Sandpiper,Calidris mauri,"WESA,CAMA"
157,15,半蹼鷸,Asian Dowitcher,Limnodromus semipalmatus,"ASDO,LISE"
158,15,長嘴半蹼鷸,Long-billed Dowitcher,Limnodromus scolopaceus,"LBDO,LISC"
159,15,小鷸,Jack Snipe,Lymnocryptes minimus,"JASN,LYMI"
160,15,山鷸,Eurasian Woodcock,Scolopax rusticola,"EUWO,SCRU"
161,15,孤田鷸,Solitary Snipe,Gallinago solitaria,"SOSN,GASO"
162,15,大地鷸,Latham's Snipe,Gallinago hardwickii,"LASN,GAHA"
163,15,田鷸,Common Snipe,Gallinago gallinago,"COSN,GAGA"
164,15,針尾鷸,Pin-tailed Snipe,Gallinago stenura,"PTSN,PISN,GAST"
165,15,中地鷸,Swinhoe's Snipe,Gallinago megala,"SWSN,GAME"
166,15,反嘴鷸,Terek Sandpiper,Xenus cinereus,"TESA,XECI"
167,15,紅領瓣足鷸,Red-necked Phalarope,Phalaropus lobatus,"RNPH,PHLO"
168,15,灰瓣足鷸,Red Phalarope,Phalaropus fulicarius,"REPH,GRPH,PHFU"
169,15,磯鷸,Common Sandpiper,Actitis hypoleucos,"COSA,ACHY"
170,15,白腰草鷸,Green Sandpiper,Tringa ochropus,"GRSA,TROC"
171,15,黃足鷸,Gray-tailed Tattler,Tringa brevipes,"GTTA,TRBR"
172,15,美洲黃足鷸,Wandering Tattler,Tringa incana,"WATA,TRIN"
173,15,鶴鷸,Spotted Redshank,Tringa erythropus,"SPRE,TRER"
174,15,青足鷸,Common Greenshank,Tringa nebularia,"COMG,COGR,TRNE"
175,15,諾氏鷸,Nordmann's Greenshank,Tringa guttifer,"NOGR,TRGU"
176,15,小黃腳鷸,Lesser Yellowlegs,Tringa flavipes,"LEYE,TRFL"
177,15,小青足鷸,Marsh Sandpiper,Tringa stagnatilis,"MASA,TRST"
178,15,鷹斑鷸,Wood Sandpiper,Tringa glareola,"WOSA,TRGL"
179,15,赤足鷸,Common Redshank,Tringa totanus,"CREH,CORE,TRTO"
180,16,林三趾鶉,Small Buttonquail,Turnix sylvaticus,"COBU,SMBU,TUSY"
181,16,黃腳三趾鶉,Yellow-legged Buttonquail,Turnix tanki,"YLBU,TUTA"
182,16,棕三趾鶉,Barred Buttonquail,Turnix suscitator,"BABU,TUSU"
183,17,燕鴴,Oriental Pratincole,Glareola maldivarum,"ORPR,GLMA"
184,18,灰賊鷗,South Polar Skua,Stercorarius maccormicki,"SPSK,STMA"
185,18,中賊鷗,Pomarine Jaeger,Stercorarius pomarinus,"POJA,POSK,STPO"
186,18,短尾賊鷗,Parasitic Jaeger,Stercorarius parasiticus,"PAJA,ARJA,ARSK,STPA"
187,18,長尾賊鷗,Long-tailed Jaeger,Stercorarius longicaudus,"LTJA,LTSK,STLO"
188,19,崖海鴉,Common Murre,Uria aalge,"COMU,URAA"
189,19,扁嘴海雀,Ancient Murrelet,Synthliboramphus antiquus,"ANMU,SYAN"
190,19,冠海雀,Japanese Murrelet,Synthliboramphus wumizusume,"JAMU,SYWU"
191,20,三趾鷗,Black-legged Kittiwake,Rissa tridactyla,"BLKI,RITR"
192,20,叉尾鷗,Sabine's Gull,Xema sabini,"SAGU,XESA"
193,20,黑嘴鷗,Saunders's Gull,Saundersilarus saundersi,"SAGU,SASA"
194,20,細嘴鷗,Slender-billed Gull,Chroicocephalus genei,"SBGU,CHGE"
195,20,澳洲紅嘴鷗,Silver Gull,Chroicocephalus novaehollandiae,"SIGU,CHNO"
196,20,紅嘴鷗,Black-headed Gull,Chroicocephalus ridibundus,"BHGU,CBHG,CHRI"
197,20,棕頭鷗,Brown-headed Gull,Chroicocephalus brunnicephalus,"BHGU,CHBR"
198,20,小鷗,Little Gull,Hydrocoloeus minutus,"LIGU,HYMI"
199,20,笑鷗,Laughing Gull,Leucophaeus atricilla,"LAGU,LEAT"
200,20,弗氏鷗,Franklin's Gull,Leucophaeus pipixcan,"FRGU,LEPI"
201,20,遺鷗,Relict Gull,Ichthyaetus relictus,"REGU,ICRE"
202,20,漁鷗,Pallas's Gull,Ichthyaetus ichthyaetus,"PAGU,GBHG,ICIC"
203,20,黑尾鷗,Black-tailed Gull,Larus crassirostris,"BTGU,LACR"
204,20,海鷗,Mew Gull,Larus canus,"MEGU,COGU,LACA"
205,20,銀鷗,Herring Gull,Larus argentatus,"HERG,AHHG,HEGU,LAAR"
206,20,小黑背鷗,Lesser Black-backed Gull,Larus fuscus,"LBBG,LAFU"
207,20,灰背鷗,Slaty-backed Gull,Larus schistisagus,"SBGU,LASC"
208,20,北極鷗,Glaucous Gull,Larus hyperboreus,"GLGU,LAHY"
209,20,玄燕鷗,Brown Noddy,Anous stolidus,"BRNO,NOKŌ,CONO,ANST"
210,20,黑玄燕鷗,Black Noddy,Anous minutus,"BLNO,NOIO,ANMI"
211,20,烏領燕鷗,Sooty Tern,Onychoprion fuscatus,"SOTE,ONFU"
212,20,白眉燕鷗,Bridled Tern,Onychoprion anaethetus,"BRTE,ONAN"
213,20,白腰燕鷗,Aleutian Tern,Onychoprion aleuticus,"ALTE,ONAL"
214,20,小燕鷗,Little Tern,Sternula albifrons,"LITE,STAL"
215,20,鷗嘴燕鷗,Gull-billed Tern,Gelochelidon nilotica,"GBTE,GENI"
216,20,裏海燕鷗,Caspian Tern,Hydroprogne caspia,"CATE,HYCA"
217,20,黑浮鷗,Black Tern,Chlidonias niger,"BLTE,CHNI"
218,20,白翅黑燕鷗,White-winged Tern,Chlidonias leucopterus,"WWTE,WWBT,CHLE"
219,20,黑腹燕鷗,Whiskered Tern,Chlidonias hybrida,"WHST,WHTE,CHHY"
220,20,紅燕鷗,Roseate Tern,Sterna dougallii,"ROST,ROTE,STDO"
221,20,蒼燕鷗,Black-naped Tern,Sterna sumatrana,"BNTE,STSU"
222,20,燕鷗,Common Tern,Sterna hirundo,"COTE,STHI"
223,20,鳳頭燕鷗,Great Crested Tern,Thalasseus bergii,"GCTE,SWTE,CRTE,THBE"
224,20,白嘴端燕鷗,Sandwich Tern,Thalasseus sandvicensis,"SATE,THSA"
225,20,小鳳頭燕鷗,Lesser Crested Tern,Thalasseus bengalensis,"LCTE,THBE"
226,20,黑嘴端鳳頭燕鷗,Chinese Crested Tern,Thalasseus bernsteini,"CCTE,THBE"
227,21,白尾熱帶鳥,White-tailed Tropicbird,Phaethon lepturus,"WTTR,PHLE"
228,21,紅嘴熱帶鳥,Red-billed Tropicbird,Phaethon aethereus,"RBTR,PHAE"
229,21,紅尾熱帶鳥,Red-tailed Tropicbird,Phaethon rubricauda,"RTTR,PHRU"
230,22,紅喉潛鳥,Red-throated Loon,Gavia stellata,"RTLO,GAST"
231,22,黑喉潛鳥,Arctic Loon,Gavia arctica,"ARLO,GAAR"
232,22,太平洋潛鳥,Pacific Loon,Gavia pacifica,"PALO,GAPA"
233,22,白嘴潛鳥,Yellow-billed Loon,Gavia adamsii,"YBLO,GAAD"
234,23,黑背信天翁,Laysan Albatross,Phoebastria immutabilis,"LAAL,PHIM"
235,23,黑腳信天翁,Black-footed Albatross,Phoebastria nigripes,"BFAL,PHNI"
236,23,短尾信天翁,Short-tailed Albatross,Phoebastria albatrus,"STAL,PHAL"
237,24,白腰叉尾海燕,Leach's Storm-Petrel,Oceanodroma leucorhoa,"LSPE,OCLE"
238,24,黑叉尾海燕,Swinhoe's Storm-Petrel,Oceanodroma monorhis,"SSTP,SWSP,SSPE,OCMO"
239,24,褐翅叉尾海燕,Tristram's Storm-Petrel,Oceanodroma tristrami,"TSPE,OCTR"
240,25,暴風鸌,Northern Fulmar,Fulmarus glacialis,"NOFU,FUGL"
241,25,白腹穴鳥,Bonin Petrel,Pterodroma hypoleuca,"BOPE,PTHY"
242,25,穴鳥,Bulwer's Petrel,Bulweria bulwerii,"BUPE,BUBU"
243,25,黑背白腹穴鳥,Tahiti Petrel,Pseudobulweria rostrata,"TAPE,PSRO"
244,25,大水薙鳥,Streaked Shearwater,Calonectris leucomelas,"STRS,STSH,CALE"
245,25,肉足水薙鳥,Flesh-footed Shearwater,Ardenna carneipes,"FFSH,ARCA"
246,25,長尾水薙鳥,Wedge-tailed Shearwater,Ardenna pacifica,"WTSH,ARPA"
247,25,灰水薙鳥,Sooty Shearwater,Ardenna grisea,"SOSH,ARGR"
248,25,短尾水薙鳥,Short-tailed Shearwater,Ardenna tenuirostris,"STTS,STSH,ARTE"
249,26,黑鸛,Black Stork,Ciconia nigra,"BLST,CINI"
250,26,東方白鸛,Oriental Stork,Ciconia boyciana,"ORST,CIBO"
251,27,白斑軍艦鳥,Lesser Frigatebird,Fregata ariel,"LEFR,FRAR"
252,27,軍艦鳥,Great Frigatebird,Fregata minor,"GREF,GRFR,FRMI"
253,28,藍臉鰹鳥,Masked Booby,Sula dactylatra,"MABO,SUDA"
254,28,白腹鰹鳥,Brown Booby,Sula leucogaster,"BRBO,SULE"
255,28,紅腳鰹鳥,Red-footed Booby,Sula sula,"RFBO,SUSU"
256,29,海鸕鷀,Pelagic Cormorant,Phalacrocorax pelagicus,"PECO,PHPE"
257,29,鸕鷀,Great Cormorant,Phalacrocorax carbo,"GRCO,BLSH,GBCO,WBCO,PHCA"
258,29,丹氏鸕鷀,Japanese Cormorant,Phalacrocorax capillatus,"JACO,PHCA"
259,30,卷羽鵜鶘,Dalmatian Pelican,Pelecanus crispus,"DAPE,PECR"
260,31,大麻鷺,Great Bittern,Botaurus stellaris,"EUBI,GRBI,BOST"
261,31,黃小鷺,Yellow Bittern,Ixobrychus sinensis,"YEBI,IXSI"
262,31,秋小鷺,Schrenck's Bittern,Ixobrychus eurhythmus,"VSBI,SCBI,IXEU"
263,31,栗小鷺,Cinnamon Bittern,Ixobrychus cinnamomeus,"CIBI,IXCI"
264,31,黃頸黑鷺,Black Bittern,Ixobrychus flavicollis,"BLBI,IXFL"
265,31,蒼鷺,Gray Heron,Ardea cinerea,"GRAH,GRHE,ARCI"
266,31,紫鷺,Purple Heron,Ardea purpurea,"PUHE,ARPU"
267,31,大白鷺,Great Egret,Ardea alba,"GREG,WHHE,GWEG,ARAL"
268,31,中白鷺,Intermediate Egret,Ardea intermedia,"INEG,YBEG,ARIN"
269,31,白臉鷺,White-faced Heron,Egretta novaehollandiae,"WFHE,EGNO"
270,31,唐白鷺,Chinese Egret,Egretta eulophotes,"CHEG,EGEU"
271,31,小白鷺,Little Egret,Egretta garzetta,"LIEG,EGGA"
272,31,岩鷺,Pacific Reef-Heron,Egretta sacra,"PRHE,PARH,REHE,EREG,EGSA"
273,31,白頸黑鷺,Pied Heron,Egretta picata,"PIHE,EGPI"
274,31,黃頭鷺,Cattle Egret,Bubulcus ibis,"CAEG,WCEG,BUIB"
275,31,印度池鷺,Indian Pond-Heron,Ardeola grayii,"IPHE,ARGR"
276,31,池鷺,Chinese Pond-Heron,Ardeola bacchus,"CHPH,CPHE,ARBA"
277,31,爪哇池鷺,Javan Pond-Heron,Ardeola speciosa,"JPHE,JAPH,ARSP"
278,31,綠簑鷺,Striated Heron,Butorides striata,"STRH,STHE,GBHE,BUST"
279,31,夜鷺,Black-crowned Night-Heron,Nycticorax nycticorax,"BCNH,NYNY"
280,31,棕夜鷺,Rufous Night-Heron,Nycticorax caledonicus,"NNHE,NANH,RUNH,RNHE,NYCA"
281,31,麻鷺,Japanese Night-Heron,Gorsachius goisagi,"JNHE,JANH,GOGO"
282,31,黑冠麻鷺,Malayan Night-Heron,Gorsachius melanolophus,"MANH,MNHE,GOME"
283,32,彩䴉,Glossy Ibis,Plegadis falcinellus,"GLIB,PLFA"
284,32,埃及聖䴉,African Sacred Ibis,Threskiornis aethiopicus,"ASIB,SAIB,THAE"
285,32,黑頭白䴉,Black-headed Ibis,Threskiornis melanocephalus,"BHIB,THME"
286,32,朱鷺,Crested Ibis,Nipponia nippon,"CRIB,NINI"
287,32,白琵鷺,Eurasian Spoonbill,Platalea leucorodia,"EURS,EUSP,PLLE"
288,32,黑面琵鷺,Black-faced Spoonbill,Platalea minor,"BFSP,PLMI"
289,33,魚鷹,Osprey,Pandion haliaetus,"OSPR,WEOS,PAHA"
290,34,黑翅鳶,Black-winged Kite,Elanus caeruleus,"BWKI,ABSK,ELCA"
291,34,東方蜂鷹,Oriental Honey-buzzard,Pernis ptilorhynchus,"OHBU,ORHB,CRHB,CHBU,PEPT"
292,34,黑冠鵑隼,Black Baza,Aviceda leuphotes,"BLBA,AVLE"
293,34,禿鷲,Cinereous Vulture,Aegypius monachus,"BLVU,CIVU,AEMO"
294,34,大冠鷲,Crested Serpent-Eagle,Spilornis cheela,"CRSE,CSEA,SPCH"
295,34,熊鷹,Mountain Hawk-Eagle,Nisaetus nipalensis,"MHEA,MOHE,NINI"
296,34,林鵰,Black Eagle,Ictinaetus malaiensis,"BLEA,ICMA"
297,34,花鵰,Greater Spotted Eagle,Clanga clanga,"GSEA,CLCL"
298,34,靴隼鵰,Booted Eagle,Hieraaetus pennatus,"BOEA,HIPE"
299,34,白肩鵰,Imperial Eagle,Aquila heliaca,"EIEA,IMEA,AQHE"
300,34,白腹鵰,Bonelli's Eagle,Aquila fasciata,"BOEA,AQFA"
301,34,灰面鵟鷹,Gray-faced Buzzard,Butastur indicus,"GFBU,BUIN"
302,34,西方澤鵟,Eurasian Marsh-Harrier,Circus aeruginosus,"EMHA,CIAE"
303,34,東方澤鵟,Eastern Marsh-Harrier,Circus spilonotus,"EMHA,EAMH,CISP"
304,34,灰澤鵟,Hen Harrier,Circus cyaneus,"HEHA,CICY"
305,34,花澤鵟,Pied Harrier,Circus melanoleucos,"PIHA,CIME"
306,34,鳳頭蒼鷹,Crested Goshawk,Accipiter trivirgatus,"CRGO,ACTR"
307,34,赤腹鷹,Chinese Sparrowhawk,Accipiter soloensis,"CHIS,CHSP,ACSO"
308,34,日本松雀鷹,Japanese Sparrowhawk,Accipiter gularis,"JASP,ACGU"
309,34,松雀鷹,Besra,Accipiter virgatus,"BESR,ACVI"
310,34,北雀鷹,Eurasian Sparrowhawk,Accipiter nisus,"EUSP,ACNI"
311,34,蒼鷹,Northern Goshawk,Accipiter gentilis,"NOGO,ACGE"
312,34,黑鳶,Black Kite,Milvus migrans,"BLAK,BBKI,BLKI,MIMI"
313,34,栗鳶,Brahminy Kite,Haliastur indus,"BRKI,HAIN"
314,34,白尾海鵰,White-tailed Eagle,Haliaeetus albicilla,"WTEA,HAAL"
315,34,白腹海鵰,White-bellied Sea-Eagle,Haliaeetus leucogaster,"WBSE,HALE"
316,34,毛足鵟,Rough-legged Hawk,Buteo lagopus,"RLHA,RLBU,BULA"
317,34,東方鵟,Eastern Buzzard,Buteo japonicus,"EABU,BUJA"
318,34,大鵟,Upland Buzzard,Buteo hemilasius,"UPBU,BUHE"
319,35,草鴞,Australasian Grass-Owl,Tyto longimembris,"AGOW,AUGO,EGOW,TYLO"
320,36,黃嘴角鴞,Mountain Scops-Owl,Otus spilocephalus,"MSOW,MOSO,OTSP"
321,36,領角鴞,Collared Scops-Owl,Otus lettia,"COSO,CSOW,OTLE"
322,36,蘭嶼角鴞,Ryukyu Scops-Owl,Otus elegans,"RYSO,RSOW,OTEL"
323,36,東方角鴞,Oriental Scops-Owl,Otus sunia,"ORSO,OSOW,OTSU"
324,36,黃魚鴞,Tawny Fish-Owl,Ketupa flavipes,"TFOW,TAFO,KEFL"
325,36,鵂鶹,Collared Owlet,Glaucidium brodiei,"COOW,GLBR"
326,36,縱紋腹小鴞,Little Owl,Athene noctua,"LIOW,ATNO"
327,36,褐林鴞,Brown Wood-Owl,Strix leptogrammica,"BWOW,BRWO,STLE"
328,36,東方灰林鴞,Himalayan Owl,Strix nivicolum,"HIOW,STNI"
329,36,長耳鴞,Long-eared Owl,Asio otus,"LEOW,ASOT"
330,36,短耳鴞,Short-eared Owl,Asio flammeus,"SEOW,PUEO,ASFL"
331,36,褐鷹鴞,Northern Boobook,Ninox japonica,"NOBB,NOBO,NIJA"
332,37,戴勝,Eurasian Hoopoe,Upupa epops,"EHOO,HOOP,EUHO,UPEP"
333,38,翠鳥,Common Kingfisher,Alcedo atthis,"COKI,ALAT"
334,38,黑背三趾翠鳥,Black-backed Dwarf-Kingfisher,Ceyx erithaca,"BBDK,CEER"
335,38,赤背三趾翠鳥,Rufous-backed Dwarf-Kingfisher,Ceyx rufidorsa,"RBDK,CERU"
336,38,赤翡翠,Ruddy Kingfisher,Halcyon coromanda,"RUKI,HACO"
337,38,蒼翡翠,White-throated Kingfisher,Halcyon smyrnensis,"SMKI,WTKI,HASM"
338,38,黑頭翡翠,Black-capped Kingfisher,Halcyon pileata,"BCKI,HAPI"
339,38,白領翡翠,Collared Kingfisher,Todiramphus chloris,"COKI,TOCH"
340,38,斑翡翠,Pied Kingfisher,Ceryle rudis,"PIKI,CERU"
341,39,藍喉蜂虎,Blue-throated Bee-eater,Merops viridis,"IBTB,BTBE,MEVI"
342,39,藍頰蜂虎,Blue-cheeked Bee-eater,Merops persicus,"BCBE,MEPE"
343,39,栗喉蜂虎,Blue-tailed Bee-eater,Merops philippinus,"BTBE,MEPH"
344,39,彩虹蜂虎,Rainbow Bee-eater,Merops ornatus,"RABE,RBEA,MEOR"
345,40,佛法僧,Dollarbird,Eurystomus orientalis,"ORDO,DOLL,EUOR"
346,41,五色鳥,Taiwan Barbet,Psilopogon nuchalis,"TABA,PSNU"
347,42,地啄木,Eurasian Wryneck,Jynx torquilla,"EUWR,JYTO"
348,42,小啄木,Gray-capped Woodpecker,Yungipicus canicapillus,"GCWO,GCPW,YUCA"
349,42,大赤啄木,White-backed Woodpecker,Dendrocopos leucotos,"WBWO,DELE"
350,42,綠啄木,Gray-headed Woodpecker,Picus canus,"GHWO,PICA"
351,43,紅隼,Eurasian Kestrel,Falco tinnunculus,"EUKE,COKE,FATI"
352,43,紅腳隼,Amur Falcon,Falco amurensis,"AMFA,FAAM"
353,43,灰背隼,Merlin,Falco columbarius,"MERL,FACO"
354,43,燕隼,Eurasian Hobby,Falco subbuteo,"EHOB,EUHO,FASU"
355,43,遊隼,Peregrine Falcon,Falco peregrinus,"PEFA,FAPE"
356,44,藍翅八色鳥,Blue-winged Pitta,Pitta moluccensis,"BWPI,PIMO"
357,44,八色鳥,Fairy Pitta,Pitta nympha,"FAPI,PINY"
358,44,綠胸八色鳥,Hooded Pitta,Pitta sordida,"HOPI,PISO"
359,45,灰喉山椒鳥,Gray-chinned Minivet,Pericrocotus solaris,"GCMI,PESO"
360,45,長尾山椒鳥,Long-tailed Minivet,Pericrocotus ethologus,"LTMI,PEET"
361,45,赤紅山椒鳥,Scarlet Minivet,Pericrocotus speciosus,"SCMI,PESP"
362,45,琉球山椒鳥,Ryukyu Minivet,Pericrocotus tegimae,"RYMI,PETE"
363,45,灰山椒鳥,Ashy Minivet,Pericrocotus divaricatus,"ASMI,PEDI"
364,45,小灰山椒鳥,Brown-rumped Minivet,Pericrocotus cantonensis,"BRMI,SWMI,PECA"
365,45,粉紅山椒鳥,Rosy Minivet,Pericrocotus roseus,"ROMI,PERO"
366,45,花翅山椒鳥,Large Cuckooshrike,Coracina macei,"LACU,COMA"
367,45,黑原鵑鵙,Pied Triller,Lalage nigra,"PITR,LANI"
368,45,黑翅山椒鳥,Black-winged Cuckooshrike,Lalage melaschistos,"BWCU,LAME"
369,46,綠畫眉,White-bellied Erpornis,Erpornis zantholeuca,"WBER,ERZA"
370,47,黃鸝,Black-naped Oriole,Oriolus chinensis,"BNOR,ORCH"
371,47,朱鸝,Maroon Oriole,Oriolus traillii,"MAOR,ORTR"
372,48,大卷尾,Black Drongo,Dicrurus macrocercus,"BLDR,DIMA"
373,48,灰卷尾,Ashy Drongo,Dicrurus leucophaeus,"ASDR,DILE"
374,48,鴉嘴卷尾,Crow-billed Drongo,Dicrurus annectens,"CBDR,DIAN"
375,48,小卷尾,Bronzed Drongo,Dicrurus aeneus,"BRDR,DIAE"
376,48,髮冠卷尾,Hair-crested Drongo,Dicrurus hottentottus,"HCDR,DIHO"
377,49,黑枕藍鶲,Black-naped Monarch,Hypothymis azurea,"BNMO,HYAZ"
378,49,紫綬帶,Japanese Paradise-Flycatcher,Terpsiphone atrocaudata,"JPFL,JAPF,TEAT"
379,49,阿穆爾綬帶,Amur Paradise-Flycatcher,Terpsiphone incei,"AMPF,APFL,TEIN"
380,50,虎紋伯勞,Tiger Shrike,Lanius tigrinus,"TISH,LATI"
381,50,紅頭伯勞,Bull-headed Shrike,Lanius bucephalus,"BHSH,LABU"
382,50,紅背伯勞,Red-backed Shrike,Lanius collurio,"RBSH,LACO"
383,50,荒漠伯勞,Isabelline Shrike,Lanius isabellinus,"ISSH,LAIS"
384,50,紅尾伯勞,Brown Shrike,Lanius cristatus,"BROS,BRSH,LACR"
385,50,栗背伯勞,Burmese Shrike,Lanius collurioides,"BUSH,LACO"
386,50,棕背伯勞,Long-tailed Shrike,Lanius schach,"LTSH,LASC"
387,50,灰背伯勞,Gray-backed Shrike,Lanius tephronotus,"GBSH,LATE"
388,50,楔尾伯勞,Chinese Gray Shrike,Lanius sphenocercus,"CGSH,LASP"
389,51,松鴉,Eurasian Jay,Garrulus glandarius,"EUJA,GAGL"
390,51,灰喜鵲,Azure-winged Magpie,Cyanopica cyanus,"AWMA,CYCY"
391,51,台灣藍鵲,Taiwan Blue-Magpie,Urocissa caerulea,"TBMA,TABM,URCA"
392,51,樹鵲,Gray Treepie,Dendrocitta formosae,"GRTR,DEFO"
393,51,喜鵲,Oriental Magpie,Pica serica,"ORMA,PISE"
394,51,星鴉,Eurasian Nutcracker,Nucifraga caryocatactes,"SPNU,EUNU,NUCA"
395,51,東方寒鴉,Daurian Jackdaw,Corvus dauuricus,"DAJA,CODA"
396,51,家烏鴉,House Crow,Corvus splendens,"HOCR,COSP"
397,51,禿鼻鴉,Rook,Corvus frugilegus,"ROOK,COFR"
398,51,小嘴烏鴉,Carrion Crow,Corvus corone,"CACR,COCO"
399,51,巨嘴鴉,Large-billed Crow,Corvus macrorhynchos,"LBJJ,LBCR,COMA"
400,51,玉頸鴉,Collared Crow,Corvus pectoralis,"COCR,COPE"
401,52,方尾鶲,Gray-headed Canary-Flycatcher,Culicicapa ceylonensis,"GHCF,CUCE"
402,53,煤山雀,Coal Tit,Periparus ater,"COTI,PEAT"
403,53,黃腹山雀,Yellow-bellied Tit,Periparus venustulus,"YBTI,PEVE"
404,53,赤腹山雀,Chestnut-bellied Tit,Sittiparus castaneoventris,"CBTI,SICA"
405,53,雜色山雀,Varied Tit,Sittiparus varius,"VATI,SIVA"
406,53,青背山雀,Green-backed Tit,Parus monticolus,"GBTI,PAMO"
407,53,白頰山雀,Japanese Tit,Parus minor,"JATI,PAMI"
408,53,黃山雀,Taiwan Yellow Tit,Machlolophus holsti,"YETI,TYTI,MAHO"
409,54,攀雀,Chinese Penduline-Tit,Remiz consobrinus,"CPTI,CHPT,RECO"
410,55,賽氏短趾百靈,Sykes's Short-toed Lark,Calandrella dukhunensis,"MSTL,ESTL,SSTL,CADU"
411,55,亞洲短趾百靈,Asian Short-toed Lark,Alaudala cheleensis,"ASTL,ALCH"
412,55,歐亞雲雀,Eurasian Skylark,Alauda arvensis,"EUSK,SKYL,ALAR"
413,55,小雲雀,Oriental Skylark,Alauda gulgula,"ORSK,ALGU"
414,56,斑紋鷦鶯,Striated Prinia,Prinia crinigera,"STPR,PRCR"
415,56,灰頭鷦鶯,Yellow-bellied Prinia,Prinia flaviventris,"YBPR,PRFL"
416,56,褐頭鷦鶯,Plain Prinia,Prinia inornata,"PLPR,PRIN"
417,56,棕扇尾鶯,Zitting Cisticola,Cisticola juncidis,"ZICI,CIJU"
418,56,黃頭扇尾鶯,Golden-headed Cisticola,Cisticola exilis,"GHCI,CIEX"
419,57,厚嘴葦鶯,Thick-billed Warbler,Arundinax aedon,"TBWA,ARAE"
420,57,靴籬鶯,Booted Warbler,Iduna caligata,"BOWA,IDCA"
421,57,雙眉葦鶯,Black-browed Reed Warbler,Acrocephalus bistrigiceps,"BBRW,ACBI"
422,57,細紋葦鶯,Streaked Reed Warbler,Acrocephalus sorghophilus,"SRWA,ACSO"
423,57,稻田葦鶯,Paddyfield Warbler,Acrocephalus agricola,"PAWA,ACAG"
424,57,鈍翅葦鶯,Blunt-winged Warbler,Acrocephalus concinens,"BWWA,ACCO"
425,57,遠東葦鶯,Manchurian Reed Warbler,Acrocephalus tangorum,"MRWA,ACTA"
426,57,布氏葦鶯,Blyth's Reed Warbler,Acrocephalus dumetorum,"BREW,BRWA,ACDU"
427,57,東方大葦鶯,Oriental Reed Warbler,Acrocephalus orientalis,"ORWA,ACOR"
428,58,蒼眉蝗鶯,Gray's Grasshopper-Warbler,Locustella fasciolata,"GRGW,GGWA,LOFA"
429,58,庫頁島蝗鶯,Sakhalin Grasshopper-Warbler,Locustella amnicola,"SAGW,SGWA,LOAM"
430,58,小蝗鶯,Pallas's Grasshopper-Warbler,Locustella certhiola,"PGWA,PAGW,LOCE"
431,58,北蝗鶯,Middendorff's Grasshopper-Warbler,Locustella ochotensis,"MIGW,MGWA,LOOC"
432,58,史氏蝗鶯,Pleske's Grasshopper-Warbler,Locustella pleskei,"SGWA,PGWA,PLGW,LOPL"
433,58,矛斑蝗鶯,Lanceolated Warbler,Locustella lanceolata,"LANW,LAWA,LOLA"
434,58,台灣叢樹鶯,Taiwan Bush Warbler,Locustella alishanensis,"TBWA,LOAL"
435,58,赤褐蝗鶯,Russet Bush Warbler,Locustella mandelli,"RBWA,LOMA"
436,59,台灣鷦眉,Taiwan Cupwing,Pnoepyga formosana,"TACU,PNFO"
437,60,棕沙燕,Gray-throated Martin,Riparia chinensis,"GTMA,APMA,RICH"
438,60,灰沙燕,Bank Swallow,Riparia riparia,"BANS,SAMA,BASW,CSMA,RIRI"
439,60,家燕,Barn Swallow,Hirundo rustica,"BARS,BASW,HIRU"
440,60,洋燕,Pacific Swallow,Hirundo tahitica,"PASW,HITA"
441,60,金腰燕,Red-rumped Swallow,Cecropis daurica,"RRAS,RRSW,CEDA"
442,60,赤腰燕,Striated Swallow,Cecropis striolata,"STSW,CEST"
443,60,白腹毛腳燕,Common House-Martin,Delichon urbicum,"COHM,CHMA,DEUR"
444,60,東方毛腳燕,Asian House-Martin,Delichon dasypus,"ASHM,AHMA,DEDA"
445,61,白環鸚嘴鵯,Collared Finchbill,Spizixos semitorques,"COFI,SPSE"
446,61,烏頭翁,Styan's Bulbul,Pycnonotus taivanus,"STBU,PYTA"
447,61,白頭翁,Light-vented Bulbul,Pycnonotus sinensis,"LVBU,PYSI"
448,61,白喉紅臀鵯,Sooty-headed Bulbul,Pycnonotus aurigaster,"SHBU,PYAU"
449,61,紅嘴黑鵯,Black Bulbul,Hypsipetes leucocephalus,"HBBU,BLBU,HYLE"
450,61,棕耳鵯,Brown-eared Bulbul,Hypsipetes amaurotis,"BEBU,HYAM"
451,61,栗背短腳鵯,Chestnut Bulbul,Hemixos castanonotus,"CHBU,HECA"
452,62,林柳鶯,Wood Warbler,Phylloscopus sibilatrix,"WOWA,PHSI"
453,62,黃眉柳鶯,Yellow-browed Warbler,Phylloscopus inornatus,"YBWA,PHIN"
454,62,淡眉柳鶯,Hume's Warbler,Phylloscopus humei,"HUWA,HLWA,PHHU"
455,62,雲南柳鶯,Chinese Leaf Warbler,Phylloscopus yunnanensis,"CLWA,PHYU"
456,62,黃腰柳鶯,Pallas's Leaf Warbler,Phylloscopus proregulus,"PLEW,PAWA,PLWA,PHPR"
457,62,巨嘴柳鶯,Radde's Warbler,Phylloscopus schwarzi,"RAWA,PHSC"
458,62,棕眉柳鶯,Yellow-streaked Warbler,Phylloscopus armandii,"YSWA,PHAR"
459,62,黃腹柳鶯,Tickell's Leaf Warbler,Phylloscopus affinis,"TLWA,PHAF"
460,62,褐色柳鶯,Dusky Warbler,Phylloscopus fuscatus,"DUWA,PHFU"
461,62,棕腹柳鶯,Buff-throated Warbler,Phylloscopus subaffinis,"BTWA,PHSU"
462,62,歐亞柳鶯,Willow Warbler,Phylloscopus trochilus,"WILW,WIWA,PHTR"
463,62,嘰喳柳鶯,Common Chiffchaff,Phylloscopus collybita,"CCHI,COCH,PHCO"
464,62,冠羽柳鶯,Eastern Crowned Warbler,Phylloscopus coronatus,"ECWA,PHCO"
465,62,飯島柳鶯,Ijima's Leaf Warbler,Phylloscopus ijimae,"ILWA,PHIJ"
466,62,白眶鶲鶯,White-spectacled Warbler,Phylloscopus intermedius,"WSWA,PHIN"
467,62,比氏鶲鶯,Bianchi's Warbler,Phylloscopus valentini,"BIWA,PHVA"
468,62,淡尾鶲鶯,Alström's Warbler,Phylloscopus soror,"ALWA,PHSO"
469,62,暗綠柳鶯,Greenish Warbler,Phylloscopus trochiloides,"GRWA,PHTR"
470,62,雙斑綠柳鶯,Two-barred Warbler,Phylloscopus plumbeitarsus,"TBWA,PHPL"
471,62,淡腳柳鶯,Pale-legged Leaf Warbler,Phylloscopus tenellipes,"PLLW,PHTE"
472,62,庫頁島柳鶯,Sakhalin Leaf Warbler,Phylloscopus borealoides,"SLWA,PHBO"
473,62,日本柳鶯,Japanese Leaf Warbler,Phylloscopus xanthodryas,"JLWA,PHXA"
474,62,極北柳鶯,Arctic Warbler,Phylloscopus borealis,"ARWA,PHBO"
475,62,勘察加柳鶯,Kamchatka Leaf Warbler,Phylloscopus examinandus,"KLWA,PHEX"
476,62,栗頭鶲鶯,Chestnut-crowned Warbler,Phylloscopus castaniceps,"CCWA,PHCA"
477,62,黑眉柳鶯,Sulphur-breasted Warbler,Phylloscopus ricketti,"SBWA,PHRI"
478,62,克氏冠紋柳鶯,Claudia's Leaf Warbler,Phylloscopus claudiae,"CLWA,PHCL"
479,62,哈氏冠紋柳鶯,Hartert's Leaf Warbler,Phylloscopus goodsoni,"HLWA,PHGO"
480,63,短尾鶯,Asian Stubtail,Urosphena squameiceps,"ASST,URSQ"
481,63,棕面鶯,Rufous-faced Warbler,Abroscopus albogularis,"RFWA,ABAL"
482,63,日本樹鶯,Japanese Bush Warbler,Horornis diphone,"JABW,JBWA,HODI"
483,63,遠東樹鶯,Manchurian Bush Warbler,Horornis canturians,"MBWA,HOCA"
484,63,小鶯,Brownish-flanked Bush Warbler,Horornis fortipes,"BFBW,HOFO"
485,63,深山鶯,Yellowish-bellied Bush Warbler,Horornis acanthizoides,"YBBW,HOAC"
486,64,紅頭山雀,Black-throated Tit,Aegithalos concinnus,"BTTI,BTBU,AECO"
487,65,漠地林鶯,Asian Desert Warbler,Sylvia nana,"ADWA,SYNA"
488,65,白喉林鶯,Lesser Whitethroat,Sylvia curruca,"LEWH,SYCU"
489,65,褐頭花翼,Taiwan Fulvetta,Fulvetta formosana,"TAFU,FUFO"
490,65,粉紅鸚嘴,Vinous-throated Parrotbill,Sinosuthora webbiana,"VTPA,SIWE"
491,65,黃羽鸚嘴,Golden Parrotbill,Suthora verreauxi,"GOPA,SUVE"
492,66,栗耳鳳鶥,Indochinese Yuhina,Yuhina torqueola,"INYU,YUTO"
493,66,冠羽畫眉,Taiwan Yuhina,Yuhina brunneiceps,"TAYU,YUBR"
494,66,紅脇繡眼,Chestnut-flanked White-eye,Zosterops erythropleurus,"CFWE,ZOER"
495,66,日菲繡眼,Warbling White-eye,Zosterops japonicus,"WAWE,WWEY,ZOJA"
496,66,斯氏繡眼,Swinhoe's White-eye,Zosterops simplex,"SWWE,SWEY,ZOSI"
497,66,低地繡眼,Lowland White-eye,Zosterops meyeni,"LWEY,LOWE,ZOME"
498,67,山紅頭,Rufous-capped Babbler,Cyanoderma ruficeps,"RCBA,CYRU"
499,67,小彎嘴,Taiwan Scimitar-Babbler,Pomatorhinus musicus,"TSBA,TASB,POMU"
500,67,大彎嘴,Black-necklaced Scimitar-Babbler,Megapomatorhinus erythrocnemis,"BNSB,MEER"
501,68,頭烏線,Dusky Fulvetta,Schoeniparus brunneus,"DUFU,SCBR"
502,69,繡眼畫眉,Morrison's Fulvetta,Alcippe morrisonia,"MOFU,GCFU,ALMO"
503,69,黑臉噪鶥,Masked Laughingthrush,Garrulax perspicillatus,"MALA,GAPE"
504,69,大陸畫眉,Chinese Hwamei,Garrulax canorus,"HWAM,CHHW,GACA"
505,69,台灣畫眉,Taiwan Hwamei,Garrulax taewanus,"TAHW,GATA"
506,69,台灣白喉噪眉,Rufous-crowned Laughingthrush,Ianthocincla ruficeps,"RCLA,IARU"
507,69,黑喉噪眉,Black-throated Laughingthrush,Ianthocincla chinensis,"BTLA,IACH"
508,69,棕噪眉,Rusty Laughingthrush,Ianthocincla poecilorhyncha,"RULA,IAPO"
509,69,台灣噪眉,White-whiskered Laughingthrush,Trochalopteron morrisonianum,"WWLA,TRMO"
510,69,白耳畫眉,White-eared Sibia,Heterophasia auricularis,"WESI,HEAU"
511,69,黃胸藪眉,Steere's Liocichla,Liocichla steerii,"STLI,LIST"
512,69,紋翼畫眉,Taiwan Barwing,Actinodura morrisoniana,"TABA,ACMO"
513,70,戴菊鳥,Goldcrest,Regulus regulus,"GOLD,RERE"
514,70,火冠戴菊鳥,Flamecrest,Regulus goodfellowi,"FLAM,REGO"
515,71,茶腹鳾,Eurasian Nuthatch,Sitta europaea,"EUNU,SIEU"
516,72,鷦鷯,Eurasian Wren,Troglodytes troglodytes,"EUWR,TRTR"
517,73,河烏,Brown Dipper,Cinclus pallasii,"BRDI,CIPA"
518,74,亞洲輝椋鳥,Asian Glossy Starling,Aplonis panayensis,"AGST,APPA"
519,74,歐洲椋鳥,European Starling,Sturnus vulgaris,"EUST,COST,STVU"
520,74,粉紅椋鳥,Rosy Starling,Pastor roseus,"RCST,ROST,PARO"
521,74,北椋鳥,Daurian Starling,Agropsar sturninus,"DAST,PBST,AGST"
522,74,小椋鳥,Chestnut-cheeked Starling,Agropsar philippensis,"CCST,AGPH"
523,74,黑領椋鳥,Black-collared Starling,Gracupica nigricollis,"BCST,GRNI"
524,74,灰背椋鳥,White-shouldered Starling,Sturnia sinensis,"WSST,STSI"
525,74,灰頭椋鳥,Chestnut-tailed Starling,Sturnia malabarica,"CTST,STMA"
526,74,絲光椋鳥,Red-billed Starling,Spodiopsar sericeus,"RBST,SPSE"
527,74,灰椋鳥,White-cheeked Starling,Spodiopsar cineraceus,"WCST,SPCI"
528,74,家八哥,Common Myna,Acridotheres tristis,"COMY,PIHA,ACTR"
529,74,林八哥,Jungle Myna,Acridotheres fuscus,"JUMY,ACFU"
530,74,白尾八哥,Javan Myna,Acridotheres javanicus,"JAMY,ACJA"
531,74,八哥,Crested Myna,Acridotheres cristatellus,"CRMY,ACCR"
532,75,白氏地鶇,White's Thrush,Zoothera aurea,"WHTH,ZOAU"
533,75,虎斑地鶇,Scaly Thrush,Zoothera dauma,"SCTH,ZODA"
534,75,白眉地鶇,Siberian Thrush,Geokichla sibirica,"SITH,GESI"
535,75,橙頭地鶇,Orange-headed Thrush,Geokichla citrina,"OHTH,GECI"
536,75,寶興歌鶇,Chinese Thrush,Otocichla mupinensis,"CHTH,OTMU"
537,75,中國黑鶇,Chinese Blackbird,Turdus mandarinus,"CHBL,TUMA"
538,75,白頭鶇,Taiwan Thrush,Turdus niveiceps,"ISTH,TATH,TUNI"
539,75,烏灰鶇,Japanese Thrush,Turdus cardis,"JATH,TUCA"
540,75,灰背鶇,Gray-backed Thrush,Turdus hortulorum,"GBTH,TUHO"
541,75,白眉鶇,Eyebrowed Thrush,Turdus obscurus,"EYTH,TUOB"
542,75,赤腹鶇,Brown-headed Thrush,Turdus chrysolaus,"BHTH,TUCH"
543,75,白腹鶇,Pale Thrush,Turdus pallidus,"PATH,TUPA"
544,75,黑頸鶇,Black-throated Thrush,Turdus atrogularis,"BTTH,TUAT"
545,75,赤頸鶇,Red-throated Thrush,Turdus ruficollis,"RTTH,TURU"
546,75,斑點鶇,Dusky Thrush,Turdus eunomus,"DUTH,TUEU"
547,75,紅尾鶇,Naumann's Thrush,Turdus naumanni,"NATH,TUNA"
548,76,灰斑鶲,Gray-streaked Flycatcher,Muscicapa griseisticta,"GSFL,MUGR"
549,76,烏鶲,Dark-sided Flycatcher,Muscicapa sibirica,"DSFL,MUSI"
550,76,紅尾鶲,Ferruginous Flycatcher,Muscicapa ferruginea,"FEFL,MUFE"
551,76,寬嘴鶲,Asian Brown Flycatcher,Muscicapa dauurica,"ABFL,MUDA"
552,76,褐胸鶲,Brown-breasted Flycatcher,Muscicapa muttui,"BBFL,MUMU"
553,76,斑鶲,Spotted Flycatcher,Muscicapa striata,"SPFL,MUST"
554,76,鵲鴝,Oriental Magpie-Robin,Copsychus saularis,"ORMR,OMRO,COSA"
555,76,白腰鵲鴝,White-rumped Shama,Copsychus malabaricus,"WRSH,WRCS,COMA"
556,76,海南藍仙鶲,Hainan Blue Flycatcher,Cyornis hainanus,"HBFL,CYHA"
557,76,山藍仙鶲,Hill Blue Flycatcher,Cyornis banyumas,"HBFL,CYBA"
558,76,白喉林鶲,Brown-chested Jungle-Flycatcher,Cyornis brunneatus,"BCJF,CYBR"
559,76,棕腹大仙鶲,Fujian Niltava,Niltava davidi,"FUNI,NIDA"
560,76,棕腹仙鶲,Rufous-bellied Niltava,Niltava sundara,"RBNI,NISU"
561,76,黃腹琉璃,Vivid Niltava,Niltava vivida,"VINI,NIVI"
562,76,白腹琉璃,Blue-and-white Flycatcher,Cyanoptila cyanomelana,"BAWF,CYCY"
563,76,琉璃藍鶲,Zappey's Flycatcher,Cyanoptila cumatilis,"ZAFL,CYCU"
564,76,銅藍鶲,Verditer Flycatcher,Eumyias thalassinus,"VEFL,EUTH"
565,76,白喉短翅鶇,Lesser Shortwing,Brachypteryx leucophris,"LESH,BRLE"
566,76,小翼鶇,Taiwan Shortwing,Brachypteryx goodfellowi,"WBSH,TASH,BRGO"
567,76,紅尾歌鴝,Rufous-tailed Robin,Larvivora sibilans,"RTRO,LASI"
568,76,日本歌鴝,Japanese Robin,Larvivora akahige,"JARO,LAAK"
569,76,琉球歌鴝,Ryukyu Robin,Larvivora komadori,"RYRO,LAKO"
570,76,藍歌鴝,Siberian Blue Robin,Larvivora cyane,"SBRO,LACY"
571,76,藍喉鴝,Bluethroat,Luscinia svecica,"BLUE,LUSV"
572,76,台灣紫嘯鶇,Taiwan Whistling-Thrush,Myophonus insularis,"TWTH,TAWT,MYIN"
573,76,白斑紫嘯鶇,Blue Whistling-Thrush,Myophonus caeruleus,"BLWT,BWTH,MYCA"
574,76,小剪尾,Little Forktail,Enicurus scouleri,"LIFO,ENSC"
575,76,野鴝,Siberian Rubythroat,Calliope calliope,"SIRU,CACA"
576,76,白尾鴝,White-tailed Robin,Myiomela leucura,"WTRO,MYLE"
577,76,藍尾鴝,Red-flanked Bluetail,Tarsiger cyanurus,"RFBL,TACY"
578,76,白眉林鴝,White-browed Bush-Robin,Tarsiger indicus,"WBBR,TAIN"
579,76,栗背林鴝,Collared Bush-Robin,Tarsiger johnstoniae,"COBR,CBRO,TAJO"
580,76,白眉鶲,Yellow-rumped Flycatcher,Ficedula zanthopygia,"KOFL,YRFL,FIZA"
581,76,黃眉黃鶲,Narcissus Flycatcher,Ficedula narcissina,"NAFL,FINA"
582,76,白眉黃鶲,Mugimaki Flycatcher,Ficedula mugimaki,"MUFL,FIMU"
583,76,鏽胸藍姬鶲,Slaty-backed Flycatcher,Ficedula erithacus,"SBFL,FIER"
584,76,黃胸青鶲,Snowy-browed Flycatcher,Ficedula hyperythra,"SBFL,FIHY"
585,76,橙胸姬鶲,Rufous-gorgeted Flycatcher,Ficedula strophiata,"RGFL,FIST"
586,76,紅喉鶲,Taiga Flycatcher,Ficedula albicilla,"TAFL,FIAL"
587,76,紅胸鶲,Red-breasted Flycatcher,Ficedula parva,"RBFL,FIPA"
588,76,藍額紅尾鴝,Blue-fronted Redstart,Phoenicurus frontalis,"BFRE,PHFR"
589,76,鉛色水鶇,Plumbeous Redstart,Phoenicurus fuliginosus,"PLRE,PWRE,PHFU"
590,76,白頂溪鴝,White-capped Redstart,Phoenicurus leucocephalus,"WCRE,PHLE"
591,76,赭紅尾鴝,Black Redstart,Phoenicurus ochruros,"BLRE,PHOC"
592,76,黃尾鴝,Daurian Redstart,Phoenicurus auroreus,"DARE,PHAU"
593,76,白喉磯鶇,White-throated Rock-Thrush,Monticola gularis,"WTRT,MOGU"
594,76,藍磯鶇,Blue Rock-Thrush,Monticola solitarius,"BLRT,BRTH,MOSO"
595,76,黑喉鴝,Siberian Stonechat,Saxicola maurus,"SIST,SAMA"
596,76,白斑黑石䳭,Pied Bushchat,Saxicola caprata,"PIBU,PBCH,PIST,SACA"
597,76,灰叢鴝,Gray Bushchat,Saxicola ferreus,"GBCH,GRBU,SAFE"
598,76,穗䳭,Northern Wheatear,Oenanthe oenanthe,"NOWH,OEOE"
599,76,沙䳭,Isabelline Wheatear,Oenanthe isabellina,"ISWH,OEIS"
600,76,漠䳭,Desert Wheatear,Oenanthe deserti,"DEWH,OEDE"
601,76,白頂䳭,Pied Wheatear,Oenanthe pleschanka,"PIWH,OEPL"
602,77,黃連雀,Bohemian Waxwing,Bombycilla garrulus,"BOWA,BOGA"
603,77,朱連雀,Japanese Waxwing,Bombycilla japonica,"JAWA,BOJA"
604,78,綠啄花,Plain Flowerpecker,Dicaeum minullum,"PLFL,DIMI"
605,78,紅胸啄花,Fire-breasted Flowerpecker,Dicaeum ignipectus,"FBFL,DIIG"
606,79,黃腹花蜜鳥,Olive-backed Sunbird,Cinnyris jugularis,"OBSU,CIJU"
607,79,藍喉太陽鳥,Mrs. Gould's Sunbird,Aethopyga gouldiae,"MGSU,GOSU,AEGO"
608,79,叉尾太陽鳥,Fork-tailed Sunbird,Aethopyga christinae,"FTSU,AECH"
609,80,橙頰梅花雀,Orange-cheeked Waxbill,Estrilda melpoda,"OCHW,OCWA,ESME"
610,80,白喉文鳥,Indian Silverbill,Euodice malabarica,"INSI,EUMA"
611,80,白腰文鳥,White-rumped Munia,Lonchura striata,"WRMU,LOST"
612,80,斑文鳥,Scaly-breasted Munia,Lonchura punctulata,"SBMU,LOPU"
613,80,黑頭文鳥,Chestnut Munia,Lonchura atricapilla,"CHMU,LOAT"
614,81,岩鷚,Alpine Accentor,Prunella collaris,"ALAC,PRCO"
615,81,棕眉山岩鷚,Siberian Accentor,Prunella montanella,"SIAC,PRMO"
616,82,家麻雀,House Sparrow,Passer domesticus,"HOSP,PADO"
617,82,山麻雀,Russet Sparrow,Passer cinnamomeus,"RUSP,PACI"
618,82,麻雀,Eurasian Tree Sparrow,Passer montanus,"ETSP,PAMO"
619,83,山鶺鴒,Forest Wagtail,Dendronanthus indicus,"FOWA,DEIN"
620,83,灰鶺鴒,Gray Wagtail,Motacilla cinerea,"GRAW,GRWA,MOCI"
621,83,西方黃鶺鴒,Western Yellow Wagtail,Motacilla flava,"WYWA,MOFL"
622,83,東方黃鶺鴒,Eastern Yellow Wagtail,Motacilla tschutschensis,"EYWA,MOTS"
623,83,黃頭鶺鴒,Citrine Wagtail,Motacilla citreola,"CIWA,MOCI"
624,83,日本鶺鴒,Japanese Wagtail,Motacilla grandis,"JAWA,MOGR"
625,83,白鶺鴒,White Wagtail,Motacilla alba,"WHWA,PWWA,MOAL"
626,83,大花鷚,Richard's Pipit,Anthus richardi,"RIPI,ANRI"
627,83,稻田鷚,Paddyfield Pipit,Anthus rufulus,"PAPI,ANRU"
628,83,布萊氏鷚,Blyth's Pipit,Anthus godlewskii,"BLPI,ANGO"
629,83,草地鷚,Meadow Pipit,Anthus pratensis,"MEPI,ANPR"
630,83,粉紅胸鷚,Rosy Pipit,Anthus roseatus,"ROPI,ANRO"
631,83,林鷚,Tree Pipit,Anthus trivialis,"TRPI,ANTR"
632,83,樹鷚,Olive-backed Pipit,Anthus hodgsoni,"OBPI,ANHO"
633,83,白背鷚,Pechora Pipit,Anthus gustavi,"PEPI,ANGU"
634,83,赤喉鷚,Red-throated Pipit,Anthus cervinus,"RTPI,ANCE"
635,83,水鷚,Water Pipit,Anthus spinoletta,"WAPI,ANSP"
636,83,黃腹鷚,American Pipit,Anthus rubescens,"AMPI,BBPI,ANRU"
637,84,花雀,Brambling,Fringilla montifringilla,"BRAM,FRMO"
638,84,臘嘴雀,Hawfinch,Coccothraustes coccothraustes,"HAWF,COCO"
639,84,小桑鳲,Yellow-billed Grosbeak,Eophona migratoria,"YBGR,CHGR,EOMI"
640,84,桑鳲,Japanese Grosbeak,Eophona personata,"JAGR,EOPE"
641,84,普通朱雀,Common Rosefinch,Carpodacus erythrinus,"CORO,CAER"
642,84,台灣朱雀,Taiwan Rosefinch,Carpodacus formosanus,"TARO,CAFO"
643,84,北朱雀,Pallas's Rosefinch,Carpodacus roseus,"PARO,CARO"
644,84,褐鷽,Brown Bullfinch,Pyrrhula nipalensis,"BRBU,PYNI"
645,84,灰鷽,Gray-headed Bullfinch,Pyrrhula erythaca,"GHBU,PYER"
646,84,歐亞鷽,Eurasian Bullfinch,Pyrrhula pyrrhula,"EUBU,PYPY"
647,84,金翅雀,Oriental Greenfinch,Chloris sinica,"ORGR,GCGR,CHSI"
648,84,赤胸朱頂雀,Eurasian Linnet,Linaria cannabina,"EULI,LICA"
649,84,普通朱頂雀,Common Redpoll,Acanthis flammea,"CORE,ACFL"
650,84,紅交嘴雀,Red Crossbill,Loxia curvirostra,"RECR,LOCU"
651,84,黃雀,Eurasian Siskin,Spinus spinus,"EUSI,SPSP"
652,85,鐵爪鵐,Lapland Longspur,Calcarius lapponicus,"LALO,LABU,CALA"
653,85,雪鵐,Snow Bunting,Plectrophenax nivalis,"SNBU,PLNI"
654,86,冠鵐,Crested Bunting,Emberiza lathami,"CRBU,EMLA"
655,86,黑頭鵐,Black-headed Bunting,Emberiza melanocephala,"BHBU,EMME"
656,86,褐頭鵐,Red-headed Bunting,Emberiza bruniceps,"RHBU,EMBR"
657,86,赤胸鵐,Chestnut-eared Bunting,Emberiza fucata,"CEBU,EMFU"
658,86,草鵐,Meadow Bunting,Emberiza cioides,"MEBU,EMCI"
659,86,白頂鵐,White-capped Bunting,Emberiza stewarti,"WCBU,EMST"
660,86,白頭鵐,Pine Bunting,Emberiza leucocephalos,"PIBU,EMLE"
661,86,黃喉鵐,Yellow-throated Bunting,Emberiza elegans,"YTBU,EMEL"
662,86,紅頸葦鵐,Ochre-rumped Bunting,Emberiza yessoensis,"JRBU,ORBU,EMYE"
663,86,葦鵐,Pallas's Bunting,Emberiza pallasi,"PALB,PRBU,PABU,EMPA"
664,86,蘆鵐,Reed Bunting,Emberiza schoeniclus,"REBU,CRBU,EMSC"
665,86,金鵐,Yellow-breasted Bunting,Emberiza aureola,"YBSB,YBBU,EMAU"
666,86,小鵐,Little Bunting,Emberiza pusilla,"LIBU,EMPU"
667,86,田鵐,Rustic Bunting,Emberiza rustica,"RUBU,EMRU"
668,86,野鵐,Yellow Bunting,Emberiza sulphurata,"YEBU,EMSU"
669,86,黑臉鵐,Black-faced Bunting,Emberiza spodocephala,"BFBU,EMSP"
670,86,鏽鵐,Chestnut Bunting,Emberiza rutila,"CHBU,EMRU"
671,86,黃眉鵐,Yellow-browed Bunting,Emberiza chrysophrys,"YBWB,YBBU,EMCH"
672,86,白眉鵐,Tristram's Bunting,Emberiza tristrami,"TRBU,EMTR"
673,86,灰鵐,Gray Bunting,Emberiza variabilis,"GRBU,EMVA"
674,87,稀樹草鵐,Savannah Sparrow,Passerculus sandwichensis,"SASP,PASA"
675,1,小加拿大雁,Cackling Goose,Branta hutchinsii ,"CAGO,BH"
676,88,大紅鸛,Greater Flamingo,Phoenicopterus roseus,"GRFL,PHRO"
677,5,喜馬拉雅中杜鵑,Himalayan Cuckoo,Cuculus saturatus,"HICU,CUSA"
678,7,灰腰金絲燕,Gray-rumped Swiftlet,Collocalia marginata,"GRSW,COMA"
679,7,傑曼氏金絲燕,Germain's Swiftlet,Aerodramus germani,"GESW,AEGE"
680,24,日本叉尾海燕,Matsudaira's Storm-Petrel,Oceanodroma matsudairae,"MSPE,OCMA"
681,25,克島圓尾穴鳥,Kermadec Petrel,Pterodroma neglecta,"KEPE,PTNE"
682,34,褐耳鷹,Shikra,Accipiter badius,"SHIK,ACBA"
683,36,鵰鴞,Eurasian Eagle-Owl,Bubo bubo,"EEOW,EUEO,BUBU"
684,43,黃爪隼,Lesser Kestrel,Falco naumanni,"LEKE,FANA"
685,89,白胸燕鵙,White-breasted Woodswallow,Artamus leucorynchus,"WBWO,ARLE"
686,55,蒙古百靈,Mongolian Lark,Melanocorypha mongolica,"MOLA,MEMO"
687,75,褐頭鶇,Gray-sided Thrush,Turdus feae,"GSTH,TUFE"
688,84,酒紅朱雀,Vinaceous Rosefinch,Carpodacus vinaceus,"VIRO,CAVI"
689,4,斑馬鳩,Zebra Dove,Geopelia striata,"ZEBD,ZEDO,GEST"
690,90,葵花鳳頭鸚鵡,Sulphur-crested Cockatoo,Cacatua galerita,"SCCO,CAGA"
691,91,紅領綠鸚鵡,Rose-ringed Parakeet,Psittacula krameri,"RRPA,RNPA,PSKR"
692,61,紅耳鵯,Red-whiskered Bulbul,Pycnonotus jocosus,"RWBU,PYJO"
693,69,白頰噪眉,White-browed Laughingthrush,Ianthocincla sannio,"WBLA,IASA"
694,74,葡萄胸椋鳥,Vinous-breasted Starling,Acridotheres burmannicus,"VBST,ACBU"
695,92,黑頭織雀,Village Weaver,Ploceus cucullatus,"VIWE,PLCU"
696,80,橫斑梅花雀,Common Waxbill,Estrilda astrild,"COMW,COWA,ESAS"
