中文名,學名,英文名,科名
樹鴨,Dendrocygna javanica,Lesser Whistling-Duck,雁鴨科 Anatidae
灰雁,Anser anser,Graylag Goose,雁鴨科 Anatidae
鴻雁,Anser cygnoides,Swan Goose,雁鴨科 Anatidae
白額雁,Anser albifrons,Greater White-fronted Goose,雁鴨科 Anatidae
小白額雁,Anser erythropus,Lesser White-fronted Goose,雁鴨科 Anatidae
寒林豆雁,Anser fabalis,Taiga Bean-Goose,雁鴨科 Anatidae
凍原豆雁,Anser serrirostris,Tundra Bean-Goose,雁鴨科 Anatidae
黑雁,Branta bernicla,Brant,雁鴨科 Anatidae
疣鼻天鵝,Cygnus olor,Mute Swan,雁鴨科 Anatidae
小天鵝,Cygnus columbianus,Tundra Swan,雁鴨科 Anatidae
黃嘴天鵝,Cygnus cygnus,Whooper Swan,雁鴨科 Anatidae
瀆鳧,Tadorna ferruginea,Ruddy Shelduck,雁鴨科 Anatidae
花鳧,Tadorna tadorna,Common Shelduck,雁鴨科 Anatidae
棉鴨,Nettapus coromandelianus,Cotton Pygmy-Goose,雁鴨科 Anatidae
鴛鴦,Aix galericulata,Mandarin Duck,雁鴨科 Anatidae
巴鴨,Sibirionetta formosa,Baikal Teal,雁鴨科 Anatidae
白眉鴨,Spatula querquedula,Garganey,雁鴨科 Anatidae
琵嘴鴨,Spatula clypeata,Northern Shoveler,雁鴨科 Anatidae
赤膀鴨,Mareca strepera,Gadwall,雁鴨科 Anatidae
羅文鴨,Mareca falcata,Falcated Duck,雁鴨科 Anatidae
赤頸鴨,Mareca penelope,Eurasian Wigeon,雁鴨科 Anatidae
葡萄胸鴨,Mareca americana,American Wigeon,雁鴨科 Anatidae
呂宋鴨,Anas luzonica,Philippine Duck,雁鴨科 Anatidae
花嘴鴨,Anas zonorhyncha,Eastern Spot-billed Duck,雁鴨科 Anatidae
綠頭鴨,Anas platyrhynchos,Mallard,雁鴨科 Anatidae
尖尾鴨,Anas acuta,Northern Pintail,雁鴨科 Anatidae
小水鴨,Anas crecca,Green-winged Teal,雁鴨科 Anatidae
赤嘴潛鴨,Netta rufina,Red-crested Pochard,雁鴨科 Anatidae
帆背潛鴨,Aythya valisineria,Canvasback,雁鴨科 Anatidae
紅頭潛鴨,Aythya ferina,Common Pochard,雁鴨科 Anatidae
環頸潛鴨,Aythya collaris,Ring-necked Duck,雁鴨科 Anatidae
白眼潛鴨,Aythya nyroca,Ferruginous Duck,雁鴨科 Anatidae
青頭潛鴨,Aythya baeri,Baer's Pochard,雁鴨科 Anatidae
鳳頭潛鴨,Aythya fuligula,Tufted Duck,雁鴨科 Anatidae
斑背潛鴨,Aythya marila,Greater Scaup,雁鴨科 Anatidae
小斑背潛鴨,Aythya affinis,Lesser Scaup,雁鴨科 Anatidae
長尾鴨,Clangula hyemalis,Long-tailed Duck,雁鴨科 Anatidae
鵲鴨,Bucephala clangula,Common Goldeneye,雁鴨科 Anatidae
白秋沙,Mergellus albellus,Smew,雁鴨科 Anatidae
川秋沙,Mergus merganser,Common Merganser,雁鴨科 Anatidae
紅胸秋沙,Mergus serrator,Red-breasted Merganser,雁鴨科 Anatidae
唐秋沙,Mergus squamatus,Scaly-sided Merganser,雁鴨科 Anatidae
台灣山鷓鴣,Arborophila crudigularis,Taiwan Partridge,雉科 Phasianidae
藍孔雀,Pavo cristatus,Indian Peafowl,雉科 Phasianidae
小鵪鶉,Synoicus chinensis,Blue-breasted Quail,雉科 Phasianidae
鵪鶉,Coturnix japonica,Japanese Quail,雉科 Phasianidae
台灣竹雞,Bambusicola sonorivox,Taiwan Bamboo-Partridge,雉科 Phasianidae
黑長尾雉,Syrmaticus mikado,Mikado Pheasant,雉科 Phasianidae
環頸雉,Phasianus colchicus,Ring-necked Pheasant,雉科 Phasianidae
藍腹鷴,Lophura swinhoii,Swinhoe's Pheasant,雉科 Phasianidae
小鸊鷉,Tachybaptus ruficollis,Little Grebe,鸊鷉科 Podicipedidae
角鸊鷉,Podiceps auritus,Horned Grebe,鸊鷉科 Podicipedidae
赤頸鸊鷉,Podiceps grisegena,Red-necked Grebe,鸊鷉科 Podicipedidae
冠鸊鷉,Podiceps cristatus,Great Crested Grebe,鸊鷉科 Podicipedidae
黑頸鸊鷉,Podiceps nigricollis,Eared Grebe,鸊鷉科 Podicipedidae
野鴿,Columba livia,Rock Pigeon,鳩鴿科 Columbidae
灰林鴿,Columba pulchricollis,Ashy Wood-Pigeon,鳩鴿科 Columbidae
黑林鴿,Columba janthina,Japanese Wood-Pigeon,鳩鴿科 Columbidae
白喉林鴿,Columba vitiensis,Metallic Pigeon ,鳩鴿科 Columbidae
金背鳩,Streptopelia orientalis,Oriental Turtle-Dove,鳩鴿科 Columbidae
灰斑鳩,Streptopelia decaocto,Eurasian Collared-Dove,鳩鴿科 Columbidae
紅鳩,Streptopelia tranquebarica,Red Collared-Dove,鳩鴿科 Columbidae
珠頸斑鳩,Streptopelia chinensis,Spotted Dove,鳩鴿科 Columbidae
斑尾鵑鳩,Macropygia unchall,Barred Cuckoo-Dove,鳩鴿科 Columbidae
長尾鳩,Macropygia tenuirostris,Philippine Cuckoo-Dove,鳩鴿科 Columbidae
翠翼鳩,Chalcophaps indica,Asian Emerald Dove,鳩鴿科 Columbidae
橙胸綠鳩,Treron bicinctus,Orange-breasted Green-Pigeon,鳩鴿科 Columbidae
厚嘴綠鳩,Treron curvirostra,Thick-billed Green-Pigeon,鳩鴿科 Columbidae
綠鳩,Treron sieboldii,White-bellied Green-Pigeon,鳩鴿科 Columbidae
紅頭綠鳩,Treron formosae,Whistling Green-Pigeon,鳩鴿科 Columbidae
小綠鳩,Ptilinopus leclancheri,Black-chinned Fruit-Dove,鳩鴿科 Columbidae
褐翅鴉鵑,Centropus sinensis,Greater Coucal,杜鵑科 Cuculidae
番鵑,Centropus bengalensis,Lesser Coucal,杜鵑科 Cuculidae
冠郭公,Clamator coromandus,Chestnut-winged Cuckoo,杜鵑科 Cuculidae
斑翅鳳頭鵑,Clamator jacobinus,Pied Cuckoo,杜鵑科 Cuculidae
噪鵑,Eudynamys scolopaceus,Asian Koel,杜鵑科 Cuculidae
八聲杜鵑,Cacomantis merulinus,Plaintive Cuckoo,杜鵑科 Cuculidae
方尾烏鵑,Surniculus lugubris,Square-tailed Drongo-Cuckoo,杜鵑科 Cuculidae
鷹鵑,Hierococcyx sparverioides,Large Hawk-Cuckoo,杜鵑科 Cuculidae
北方鷹鵑,Hierococcyx hyperythrus,Northern Hawk-Cuckoo,杜鵑科 Cuculidae
棕腹鷹鵑,Hierococcyx nisicolor,Hodgson's Hawk-Cuckoo,杜鵑科 Cuculidae
小杜鵑,Cuculus poliocephalus,Lesser Cuckoo,杜鵑科 Cuculidae
四聲杜鵑,Cuculus micropterus,Indian Cuckoo,杜鵑科 Cuculidae
大杜鵑,Cuculus canorus,Common Cuckoo,杜鵑科 Cuculidae
北方中杜鵑,Cuculus optatus,Oriental Cuckoo,杜鵑科 Cuculidae
普通夜鷹,Caprimulgus jotaka,Gray Nightjar,夜鷹科 Caprimulgidae
南亞夜鷹,Caprimulgus affinis,Savanna Nightjar,夜鷹科 Caprimulgidae
白喉針尾雨燕,Hirundapus caudacutus,White-throated Needletail,雨燕科 Apodidae
灰喉針尾雨燕,Hirundapus cochinchinensis,Silver-backed Needletail,雨燕科 Apodidae
紫針尾雨燕,Hirundapus celebensis,Purple Needletail,雨燕科 Apodidae
短嘴金絲燕,Aerodramus brevirostris,Himalayan Swiftlet,雨燕科 Apodidae
叉尾雨燕,Apus pacificus,Pacific Swift,雨燕科 Apodidae
小雨燕,Apus nipalensis,House Swift,雨燕科 Apodidae
西方秧雞,Rallus aquaticus,Water Rail,秧雞科 Rallidae
東亞秧雞,Rallus indicus,Brown-cheeked Rail,秧雞科 Rallidae
灰胸秧雞,Lewinia striata,Slaty-breasted Rail,秧雞科 Rallidae
斑胸秧雞,Porzana porzana,Spotted Crake,秧雞科 Rallidae
紅冠水雞,Gallinula chloropus,Eurasian Moorhen,秧雞科 Rallidae
白冠雞,Fulica atra,Eurasian Coot,秧雞科 Rallidae
灰頭紫水雞,Porphyrio poliocephalus,Gray-headed Swamphen,秧雞科 Rallidae
董雞,Gallicrex cinerea,Watercock,秧雞科 Rallidae
白腹秧雞,Amaurornis phoenicurus,White-breasted Waterhen,秧雞科 Rallidae
白眉秧雞,Amaurornis cinerea,White-browed Crake,秧雞科 Rallidae
紅腳秧雞,Rallina fasciata,Red-legged Crake,秧雞科 Rallidae
灰腳秧雞,Rallina eurizonoides,Slaty-legged Crake,秧雞科 Rallidae
緋秧雞,Zapornia fusca,Ruddy-breasted Crake,秧雞科 Rallidae
斑脇秧雞,Zapornia paykullii,Band-bellied Crake,秧雞科 Rallidae
紅腳苦惡鳥,Zapornia akool,Brown Crake,秧雞科 Rallidae
小秧雞,Zapornia pusilla,Baillon's Crake,秧雞科 Rallidae
簑羽鶴,Anthropoides virgo,Demoiselle Crane,鶴科 Gruidae
白鶴,Leucogeranus leucogeranus,Siberian Crane,鶴科 Gruidae
沙丘鶴,Antigone canadensis,Sandhill Crane,鶴科 Gruidae
白枕鶴,Antigone vipio,White-naped Crane,鶴科 Gruidae
灰鶴,Grus grus,Common Crane,鶴科 Gruidae
白頭鶴,Grus monacha,Hooded Crane,鶴科 Gruidae
丹頂鶴,Grus japonensis,Red-crowned Crane,鶴科 Gruidae
高蹺鴴,Himantopus himantopus,Black-winged Stilt,長腳鷸科 Recurvirostridae
反嘴鴴,Recurvirostra avosetta,Pied Avocet,長腳鷸科 Recurvirostridae
蠣鴴,Haematopus ostralegus,Eurasian Oystercatcher,蠣鷸科 Haematopodidae
灰斑鴴,Pluvialis squatarola,Black-bellied Plover,鴴科 Charadriidae
太平洋金斑鴴,Pluvialis fulva,Pacific Golden-Plover,鴴科 Charadriidae
小辮鴴,Vanellus vanellus,Northern Lapwing,鴴科 Charadriidae
跳鴴,Vanellus cinereus,Gray-headed Lapwing,鴴科 Charadriidae
蒙古鴴,Charadrius mongolus,Lesser Sand-Plover,鴴科 Charadriidae
鐵嘴鴴,Charadrius leschenaultii,Greater Sand-Plover,鴴科 Charadriidae
東方環頸鴴,Charadrius alexandrinus,Kentish Plover,鴴科 Charadriidae
環頸鴴,Charadrius hiaticula,Common Ringed Plover,鴴科 Charadriidae
劍鴴,Charadrius placidus,Long-billed Plover,鴴科 Charadriidae
小環頸鴴,Charadrius dubius,Little Ringed Plover,鴴科 Charadriidae
東方紅胸鴴,Charadrius veredus,Oriental Plover,鴴科 Charadriidae
彩鷸,Rostratula benghalensis,Greater Painted-Snipe,彩鷸科 Rostratulidae
水雉,Hydrophasianus chirurgus,Pheasant-tailed Jacana,水雉科 Jacanidae
中杓鷸,Numenius phaeopus,Whimbrel,鷸科 Scolopacidae
小杓鷸,Numenius minutus,Little Curlew,鷸科 Scolopacidae
黦鷸,Numenius madagascariensis,Far Eastern Curlew,鷸科 Scolopacidae
大杓鷸,Numenius arquata,Eurasian Curlew,鷸科 Scolopacidae
斑尾鷸,Limosa lapponica,Bar-tailed Godwit,鷸科 Scolopacidae
黑尾鷸,Limosa limosa,Black-tailed Godwit,鷸科 Scolopacidae
翻石鷸,Arenaria interpres,Ruddy Turnstone,鷸科 Scolopacidae
大濱鷸,Calidris tenuirostris,Great Knot,鷸科 Scolopacidae
紅腹濱鷸,Calidris canutus,Red Knot,鷸科 Scolopacidae
流蘇鷸,Calidris pugnax,Ruff,鷸科 Scolopacidae
寬嘴鷸,Calidris falcinellus,Broad-billed Sandpiper,鷸科 Scolopacidae
尖尾濱鷸,Calidris acuminata,Sharp-tailed Sandpiper,鷸科 Scolopacidae
高蹺濱鷸,Calidris himantopus,Stilt Sandpiper,鷸科 Scolopacidae
彎嘴濱鷸,Calidris ferruginea,Curlew Sandpiper,鷸科 Scolopacidae
丹氏濱鷸,Calidris temminckii,Temminck's Stint,鷸科 Scolopacidae
長趾濱鷸,Calidris subminuta,Long-toed Stint,鷸科 Scolopacidae
琵嘴鷸,Calidris pygmaea,Spoon-billed Sandpiper,鷸科 Scolopacidae
紅胸濱鷸,Calidris ruficollis,Red-necked Stint,鷸科 Scolopacidae
三趾濱鷸,Calidris alba,Sanderling,鷸科 Scolopacidae
黑腹濱鷸,Calidris alpina,Dunlin,鷸科 Scolopacidae
小濱鷸,Calidris minuta,Little Stint,鷸科 Scolopacidae
黃胸鷸,Calidris subruficollis,Buff-breasted Sandpiper,鷸科 Scolopacidae
美洲尖尾濱鷸,Calidris melanotos,Pectoral Sandpiper,鷸科 Scolopacidae
西濱鷸,Calidris mauri,Western Sandpiper,鷸科 Scolopacidae
半蹼鷸,Limnodromus semipalmatus,Asian Dowitcher,鷸科 Scolopacidae
長嘴半蹼鷸,Limnodromus scolopaceus,Long-billed Dowitcher,鷸科 Scolopacidae
小鷸,Lymnocryptes minimus,Jack Snipe,鷸科 Scolopacidae
山鷸,Scolopax rusticola,Eurasian Woodcock,鷸科 Scolopacidae
孤田鷸,Gallinago solitaria,Solitary Snipe,鷸科 Scolopacidae
大地鷸,Gallinago hardwickii,Latham's Snipe,鷸科 Scolopacidae
田鷸,Gallinago gallinago,Common Snipe,鷸科 Scolopacidae
針尾鷸,Gallinago stenura,Pin-tailed Snipe,鷸科 Scolopacidae
中地鷸,Gallinago megala,Swinhoe's Snipe,鷸科 Scolopacidae
反嘴鷸,Xenus cinereus,Terek Sandpiper,鷸科 Scolopacidae
紅領瓣足鷸,Phalaropus lobatus,Red-necked Phalarope,鷸科 Scolopacidae
灰瓣足鷸,Phalaropus fulicarius,Red Phalarope,鷸科 Scolopacidae
磯鷸,Actitis hypoleucos,Common Sandpiper,鷸科 Scolopacidae
白腰草鷸,Tringa ochropus,Green Sandpiper,鷸科 Scolopacidae
黃足鷸,Tringa brevipes,Gray-tailed Tattler,鷸科 Scolopacidae
美洲黃足鷸,Tringa incana,Wandering Tattler,鷸科 Scolopacidae
鶴鷸,Tringa erythropus,Spotted Redshank,鷸科 Scolopacidae
青足鷸,Tringa nebularia,Common Greenshank,鷸科 Scolopacidae
諾氏鷸,Tringa guttifer,Nordmann's Greenshank,鷸科 Scolopacidae
小黃腳鷸,Tringa flavipes,Lesser Yellowlegs,鷸科 Scolopacidae
小青足鷸,Tringa stagnatilis,Marsh Sandpiper,鷸科 Scolopacidae
鷹斑鷸,Tringa glareola,Wood Sandpiper,鷸科 Scolopacidae
赤足鷸,Tringa totanus,Common Redshank,鷸科 Scolopacidae
林三趾鶉,Turnix sylvaticus,Small Buttonquail,三趾鶉科 Turnicidae
黃腳三趾鶉,Turnix tanki,Yellow-legged Buttonquail,三趾鶉科 Turnicidae
棕三趾鶉,Turnix suscitator,Barred Buttonquail,三趾鶉科 Turnicidae
燕鴴,Glareola maldivarum,Oriental Pratincole,燕鴴科 Glareolidae
灰賊鷗,Stercorarius maccormicki,South Polar Skua,賊鷗科 Stercorariidae
中賊鷗,Stercorarius pomarinus,Pomarine Jaeger,賊鷗科 Stercorariidae
短尾賊鷗,Stercorarius parasiticus,Parasitic Jaeger,賊鷗科 Stercorariidae
長尾賊鷗,Stercorarius longicaudus,Long-tailed Jaeger,賊鷗科 Stercorariidae
崖海鴉,Uria aalge,Common Murre,海雀科 Alcidae
扁嘴海雀,Synthliboramphus antiquus,Ancient Murrelet,海雀科 Alcidae
冠海雀,Synthliboramphus wumizusume,Japanese Murrelet,海雀科 Alcidae
三趾鷗,Rissa tridactyla,Black-legged Kittiwake,鷗科 Laridae
叉尾鷗,Xema sabini,Sabine's Gull,鷗科 Laridae
黑嘴鷗,Saundersilarus saundersi,Saunders's Gull,鷗科 Laridae
細嘴鷗,Chroicocephalus genei,Slender-billed Gull,鷗科 Laridae
澳洲紅嘴鷗,Chroicocephalus novaehollandiae,Silver Gull,鷗科 Laridae
紅嘴鷗,Chroicocephalus ridibundus,Black-headed Gull,鷗科 Laridae
棕頭鷗,Chroicocephalus brunnicephalus,Brown-headed Gull,鷗科 Laridae
小鷗,Hydrocoloeus minutus,Little Gull,鷗科 Laridae
笑鷗,Leucophaeus atricilla,Laughing Gull,鷗科 Laridae
弗氏鷗,Leucophaeus pipixcan,Franklin's Gull,鷗科 Laridae
遺鷗,Ichthyaetus relictus,Relict Gull,鷗科 Laridae
漁鷗,Ichthyaetus ichthyaetus,Pallas's Gull,鷗科 Laridae
黑尾鷗,Larus crassirostris,Black-tailed Gull,鷗科 Laridae
海鷗,Larus canus,Mew Gull,鷗科 Laridae
銀鷗,Larus argentatus,Herring Gull,鷗科 Laridae
小黑背鷗,Larus fuscus,Lesser Black-backed Gull,鷗科 Laridae
灰背鷗,Larus schistisagus,Slaty-backed Gull,鷗科 Laridae
北極鷗,Larus hyperboreus,Glaucous Gull,鷗科 Laridae
玄燕鷗,Anous stolidus,Brown Noddy,鷗科 Laridae
黑玄燕鷗,Anous minutus,Black Noddy,鷗科 Laridae
烏領燕鷗,Onychoprion fuscatus,Sooty Tern,鷗科 Laridae
白眉燕鷗,Onychoprion anaethetus,Bridled Tern,鷗科 Laridae
白腰燕鷗,Onychoprion aleuticus,Aleutian Tern,鷗科 Laridae
小燕鷗,Sternula albifrons,Little Tern,鷗科 Laridae
鷗嘴燕鷗,Gelochelidon nilotica,Gull-billed Tern,鷗科 Laridae
裏海燕鷗,Hydroprogne caspia,Caspian Tern,鷗科 Laridae
黑浮鷗,Chlidonias niger,Black Tern,鷗科 Laridae
白翅黑燕鷗,Chlidonias leucopterus,White-winged Tern,鷗科 Laridae
黑腹燕鷗,Chlidonias hybrida,Whiskered Tern,鷗科 Laridae
紅燕鷗,Sterna dougallii,Roseate Tern,鷗科 Laridae
蒼燕鷗,Sterna sumatrana,Black-naped Tern,鷗科 Laridae
燕鷗,Sterna hirundo,Common Tern,鷗科 Laridae
鳳頭燕鷗,Thalasseus bergii,Great Crested Tern,鷗科 Laridae
白嘴端燕鷗,Thalasseus sandvicensis,Sandwich Tern,鷗科 Laridae
小鳳頭燕鷗,Thalasseus bengalensis,Lesser Crested Tern,鷗科 Laridae
黑嘴端鳳頭燕鷗,Thalasseus bernsteini,Chinese Crested Tern,鷗科 Laridae
白尾熱帶鳥,Phaethon lepturus,White-tailed Tropicbird,熱帶鳥科 Phaethontidae
紅嘴熱帶鳥,Phaethon aethereus,Red-billed Tropicbird,熱帶鳥科 Phaethontidae
紅尾熱帶鳥,Phaethon rubricauda,Red-tailed Tropicbird,熱帶鳥科 Phaethontidae
紅喉潛鳥,Gavia stellata,Red-throated Loon,潛鳥科 Gaviidae
黑喉潛鳥,Gavia arctica,Arctic Loon,潛鳥科 Gaviidae
太平洋潛鳥,Gavia pacifica,Pacific Loon,潛鳥科 Gaviidae
白嘴潛鳥,Gavia adamsii,Yellow-billed Loon,潛鳥科 Gaviidae
黑背信天翁,Phoebastria immutabilis,Laysan Albatross,信天翁科 Diomedeidae
黑腳信天翁,Phoebastria nigripes,Black-footed Albatross,信天翁科 Diomedeidae
短尾信天翁,Phoebastria albatrus,Short-tailed Albatross,信天翁科 Diomedeidae
白腰叉尾海燕,Oceanodroma leucorhoa,Leach's Storm-Petrel,海燕科 Hydrobatidae
黑叉尾海燕,Oceanodroma monorhis,Swinhoe's Storm-Petrel,海燕科 Hydrobatidae
褐翅叉尾海燕,Oceanodroma tristrami,Tristram's Storm-Petrel,海燕科 Hydrobatidae
暴風鸌,Fulmarus glacialis,Northern Fulmar,鸌科 Procellariidae
白腹穴鳥,Pterodroma hypoleuca,Bonin Petrel,鸌科 Procellariidae
穴鳥,Bulweria bulwerii,Bulwer's Petrel,鸌科 Procellariidae
黑背白腹穴鳥,Pseudobulweria rostrata,Tahiti Petrel,鸌科 Procellariidae
大水薙鳥,Calonectris leucomelas,Streaked Shearwater,鸌科 Procellariidae
肉足水薙鳥,Ardenna carneipes,Flesh-footed Shearwater,鸌科 Procellariidae
長尾水薙鳥,Ardenna pacifica,Wedge-tailed Shearwater,鸌科 Procellariidae
灰水薙鳥,Ardenna grisea,Sooty Shearwater,鸌科 Procellariidae
短尾水薙鳥,Ardenna tenuirostris,Short-tailed Shearwater,鸌科 Procellariidae
黑鸛,Ciconia nigra,Black Stork,鸛科 Ciconiidae
東方白鸛,Ciconia boyciana,Oriental Stork,鸛科 Ciconiidae
白斑軍艦鳥,Fregata ariel,Lesser Frigatebird,軍艦鳥科 Fregatidae
軍艦鳥,Fregata minor,Great Frigatebird,軍艦鳥科 Fregatidae
藍臉鰹鳥,Sula dactylatra,Masked Booby,鰹鳥科 Sulidae
白腹鰹鳥,Sula leucogaster,Brown Booby,鰹鳥科 Sulidae
紅腳鰹鳥,Sula sula,Red-footed Booby,鰹鳥科 Sulidae
海鸕鷀,Phalacrocorax pelagicus,Pelagic Cormorant,鸕鷀科 Phalacrocoracidae
鸕鷀,Phalacrocorax carbo,Great Cormorant,鸕鷀科 Phalacrocoracidae
丹氏鸕鷀,Phalacrocorax capillatus,Japanese Cormorant,鸕鷀科 Phalacrocoracidae
卷羽鵜鶘,Pelecanus crispus,Dalmatian Pelican,鵜鶘科 Pelecanidae
大麻鷺,Botaurus stellaris,Great Bittern,鷺科 Ardeidae
黃小鷺,Ixobrychus sinensis,Yellow Bittern,鷺科 Ardeidae
秋小鷺,Ixobrychus eurhythmus,Schrenck's Bittern,鷺科 Ardeidae
栗小鷺,Ixobrychus cinnamomeus,Cinnamon Bittern,鷺科 Ardeidae
黃頸黑鷺,Ixobrychus flavicollis,Black Bittern,鷺科 Ardeidae
蒼鷺,Ardea cinerea,Gray Heron,鷺科 Ardeidae
紫鷺,Ardea purpurea,Purple Heron,鷺科 Ardeidae
大白鷺,Ardea alba,Great Egret,鷺科 Ardeidae
中白鷺,Ardea intermedia,Intermediate Egret,鷺科 Ardeidae
白臉鷺,Egretta novaehollandiae,White-faced Heron,鷺科 Ardeidae
唐白鷺,Egretta eulophotes,Chinese Egret,鷺科 Ardeidae
小白鷺,Egretta garzetta,Little Egret,鷺科 Ardeidae
岩鷺,Egretta sacra,Pacific Reef-Heron,鷺科 Ardeidae
白頸黑鷺,Egretta picata,Pied Heron,鷺科 Ardeidae
黃頭鷺,Bubulcus ibis,Cattle Egret,鷺科 Ardeidae
印度池鷺,Ardeola grayii,Indian Pond-Heron,鷺科 Ardeidae
池鷺,Ardeola bacchus,Chinese Pond-Heron,鷺科 Ardeidae
爪哇池鷺,Ardeola speciosa,Javan Pond-Heron,鷺科 Ardeidae
綠簑鷺,Butorides striata,Striated Heron,鷺科 Ardeidae
夜鷺,Nycticorax nycticorax,Black-crowned Night-Heron,鷺科 Ardeidae
棕夜鷺,Nycticorax caledonicus,Rufous Night-Heron,鷺科 Ardeidae
麻鷺,Gorsachius goisagi,Japanese Night-Heron,鷺科 Ardeidae
黑冠麻鷺,Gorsachius melanolophus,Malayan Night-Heron,鷺科 Ardeidae
彩䴉,Plegadis falcinellus,Glossy Ibis,䴉科 Threskiornithidae
埃及聖䴉,Threskiornis aethiopicus,African Sacred Ibis,䴉科 Threskiornithidae
黑頭白䴉,Threskiornis melanocephalus,Black-headed Ibis,䴉科 Threskiornithidae
朱鷺,Nipponia nippon,Crested Ibis,䴉科 Threskiornithidae
白琵鷺,Platalea leucorodia,Eurasian Spoonbill,䴉科 Threskiornithidae
黑面琵鷺,Platalea minor,Black-faced Spoonbill,䴉科 Threskiornithidae
魚鷹,Pandion haliaetus,Osprey,鶚科 Pandionidae
黑翅鳶,Elanus caeruleus,Black-winged Kite,鷹科 Accipitridae
東方蜂鷹,Pernis ptilorhynchus,Oriental Honey-buzzard,鷹科 Accipitridae
黑冠鵑隼,Aviceda leuphotes,Black Baza,鷹科 Accipitridae
禿鷲,Aegypius monachus,Cinereous Vulture,鷹科 Accipitridae
大冠鷲,Spilornis cheela,Crested Serpent-Eagle,鷹科 Accipitridae
熊鷹,Nisaetus nipalensis,Mountain Hawk-Eagle,鷹科 Accipitridae
林鵰,Ictinaetus malaiensis,Black Eagle,鷹科 Accipitridae
花鵰,Clanga clanga,Greater Spotted Eagle,鷹科 Accipitridae
靴隼鵰,Hieraaetus pennatus,Booted Eagle,鷹科 Accipitridae
白肩鵰,Aquila heliaca,Imperial Eagle,鷹科 Accipitridae
白腹鵰,Aquila fasciata,Bonelli's Eagle,鷹科 Accipitridae
灰面鵟鷹,Butastur indicus,Gray-faced Buzzard,鷹科 Accipitridae
西方澤鵟,Circus aeruginosus,Eurasian Marsh-Harrier,鷹科 Accipitridae
東方澤鵟,Circus spilonotus,Eastern Marsh-Harrier,鷹科 Accipitridae
灰澤鵟,Circus cyaneus,Hen Harrier,鷹科 Accipitridae
花澤鵟,Circus melanoleucos,Pied Harrier,鷹科 Accipitridae
鳳頭蒼鷹,Accipiter trivirgatus,Crested Goshawk,鷹科 Accipitridae
赤腹鷹,Accipiter soloensis,Chinese Sparrowhawk,鷹科 Accipitridae
日本松雀鷹,Accipiter gularis,Japanese Sparrowhawk,鷹科 Accipitridae
松雀鷹,Accipiter virgatus,Besra,鷹科 Accipitridae
北雀鷹,Accipiter nisus,Eurasian Sparrowhawk,鷹科 Accipitridae
蒼鷹,Accipiter gentilis,Northern Goshawk,鷹科 Accipitridae
黑鳶,Milvus migrans,Black Kite,鷹科 Accipitridae
栗鳶,Haliastur indus,Brahminy Kite,鷹科 Accipitridae
白尾海鵰,Haliaeetus albicilla,White-tailed Eagle,鷹科 Accipitridae
白腹海鵰,Haliaeetus leucogaster,White-bellied Sea-Eagle,鷹科 Accipitridae
毛足鵟,Buteo lagopus,Rough-legged Hawk,鷹科 Accipitridae
東方鵟,Buteo japonicus,Eastern Buzzard,鷹科 Accipitridae
大鵟,Buteo hemilasius,Upland Buzzard,鷹科 Accipitridae
草鴞,Tyto longimembris,Australasian Grass-Owl,草鴞科 Tytonidae
黃嘴角鴞,Otus spilocephalus,Mountain Scops-Owl,鴟鴞科 Strigidae
領角鴞,Otus lettia,Collared Scops-Owl,鴟鴞科 Strigidae
蘭嶼角鴞,Otus elegans,Ryukyu Scops-Owl,鴟鴞科 Strigidae
東方角鴞,Otus sunia,Oriental Scops-Owl,鴟鴞科 Strigidae
黃魚鴞,Ketupa flavipes,Tawny Fish-Owl,鴟鴞科 Strigidae
鵂鶹,Glaucidium brodiei,Collared Owlet,鴟鴞科 Strigidae
縱紋腹小鴞,Athene noctua,Little Owl,鴟鴞科 Strigidae
褐林鴞,Strix leptogrammica,Brown Wood-Owl,鴟鴞科 Strigidae
東方灰林鴞,Strix nivicolum,Himalayan Owl,鴟鴞科 Strigidae
長耳鴞,Asio otus,Long-eared Owl,鴟鴞科 Strigidae
短耳鴞,Asio flammeus,Short-eared Owl,鴟鴞科 Strigidae
褐鷹鴞,Ninox japonica,Northern Boobook,鴟鴞科 Strigidae
戴勝,Upupa epops,Eurasian Hoopoe,戴勝科 Upupidae
翠鳥,Alcedo atthis,Common Kingfisher,翠鳥科 Alcedinidae
黑背三趾翠鳥,Ceyx erithaca,Black-backed Dwarf-Kingfisher,翠鳥科 Alcedinidae
赤背三趾翠鳥,Ceyx rufidorsa,Rufous-backed Dwarf-Kingfisher,翠鳥科 Alcedinidae
赤翡翠,Halcyon coromanda,Ruddy Kingfisher,翠鳥科 Alcedinidae
蒼翡翠,Halcyon smyrnensis,White-throated Kingfisher,翠鳥科 Alcedinidae
黑頭翡翠,Halcyon pileata,Black-capped Kingfisher,翠鳥科 Alcedinidae
白領翡翠,Todiramphus chloris,Collared Kingfisher,翠鳥科 Alcedinidae
斑翡翠,Ceryle rudis,Pied Kingfisher,翠鳥科 Alcedinidae
藍喉蜂虎,Merops viridis,Blue-throated Bee-eater,蜂虎科 Meropidae
藍頰蜂虎,Merops persicus,Blue-cheeked Bee-eater,蜂虎科 Meropidae
栗喉蜂虎,Merops philippinus,Blue-tailed Bee-eater,蜂虎科 Meropidae
彩虹蜂虎,Merops ornatus,Rainbow Bee-eater,蜂虎科 Meropidae
佛法僧,Eurystomus orientalis,Dollarbird,佛法僧科 Coraciidae
五色鳥,Psilopogon nuchalis,Taiwan Barbet,鬚鴷科 Megalaimidae
地啄木,Jynx torquilla,Eurasian Wryneck,啄木鳥科 Picidae
小啄木,Yungipicus canicapillus,Gray-capped Woodpecker,啄木鳥科 Picidae
大赤啄木,Dendrocopos leucotos,White-backed Woodpecker,啄木鳥科 Picidae
綠啄木,Picus canus,Gray-headed Woodpecker,啄木鳥科 Picidae
紅隼,Falco tinnunculus,Eurasian Kestrel,隼科 Falconidae
紅腳隼,Falco amurensis,Amur Falcon,隼科 Falconidae
灰背隼,Falco columbarius,Merlin,隼科 Falconidae
燕隼,Falco subbuteo,Eurasian Hobby,隼科 Falconidae
遊隼,Falco peregrinus,Peregrine Falcon,隼科 Falconidae
藍翅八色鳥,Pitta moluccensis,Blue-winged Pitta,八色鳥科 Pittidae
八色鳥,Pitta nympha,Fairy Pitta,八色鳥科 Pittidae
綠胸八色鳥,Pitta sordida,Hooded Pitta,八色鳥科 Pittidae
灰喉山椒鳥,Pericrocotus solaris,Gray-chinned Minivet,山椒鳥科 Campephagidae
長尾山椒鳥,Pericrocotus ethologus,Long-tailed Minivet,山椒鳥科 Campephagidae
赤紅山椒鳥,Pericrocotus speciosus,Scarlet Minivet,山椒鳥科 Campephagidae
琉球山椒鳥,Pericrocotus tegimae,Ryukyu Minivet,山椒鳥科 Campephagidae
灰山椒鳥,Pericrocotus divaricatus,Ashy Minivet,山椒鳥科 Campephagidae
小灰山椒鳥,Pericrocotus cantonensis,Brown-rumped Minivet,山椒鳥科 Campephagidae
粉紅山椒鳥,Pericrocotus roseus,Rosy Minivet,山椒鳥科 Campephagidae
花翅山椒鳥,Coracina macei,Large Cuckooshrike,山椒鳥科 Campephagidae
黑原鵑鵙,Lalage nigra,Pied Triller,山椒鳥科 Campephagidae
黑翅山椒鳥,Lalage melaschistos,Black-winged Cuckooshrike,山椒鳥科 Campephagidae
綠畫眉,Erpornis zantholeuca,White-bellied Erpornis,綠鵙科 Vireonidae
黃鸝,Oriolus chinensis,Black-naped Oriole,黃鸝科 Oriolidae
朱鸝,Oriolus traillii,Maroon Oriole,黃鸝科 Oriolidae
大卷尾,Dicrurus macrocercus,Black Drongo,卷尾科 Dicruridae
灰卷尾,Dicrurus leucophaeus,Ashy Drongo,卷尾科 Dicruridae
鴉嘴卷尾,Dicrurus annectens,Crow-billed Drongo,卷尾科 Dicruridae
小卷尾,Dicrurus aeneus,Bronzed Drongo,卷尾科 Dicruridae
髮冠卷尾,Dicrurus hottentottus,Hair-crested Drongo,卷尾科 Dicruridae
黑枕藍鶲,Hypothymis azurea,Black-naped Monarch,王鶲科 Monarchidae
紫綬帶,Terpsiphone atrocaudata,Japanese Paradise-Flycatcher,王鶲科 Monarchidae
阿穆爾綬帶,Terpsiphone incei,Amur Paradise-Flycatcher,王鶲科 Monarchidae
虎紋伯勞,Lanius tigrinus,Tiger Shrike,伯勞科 Laniidae
紅頭伯勞,Lanius bucephalus,Bull-headed Shrike,伯勞科 Laniidae
紅背伯勞,Lanius collurio,Red-backed Shrike,伯勞科 Laniidae
荒漠伯勞,Lanius isabellinus,Isabelline Shrike,伯勞科 Laniidae
紅尾伯勞,Lanius cristatus,Brown Shrike,伯勞科 Laniidae
栗背伯勞,Lanius collurioides,Burmese Shrike,伯勞科 Laniidae
棕背伯勞,Lanius schach,Long-tailed Shrike,伯勞科 Laniidae
灰背伯勞,Lanius tephronotus,Gray-backed Shrike,伯勞科 Laniidae
楔尾伯勞,Lanius sphenocercus,Chinese Gray Shrike,伯勞科 Laniidae
松鴉,Garrulus glandarius,Eurasian Jay,鴉科 Corvidae
灰喜鵲,Cyanopica cyanus,Azure-winged Magpie,鴉科 Corvidae
台灣藍鵲,Urocissa caerulea,Taiwan Blue-Magpie,鴉科 Corvidae
樹鵲,Dendrocitta formosae,Gray Treepie,鴉科 Corvidae
喜鵲,Pica serica,Oriental Magpie,鴉科 Corvidae
星鴉,Nucifraga caryocatactes,Eurasian Nutcracker,鴉科 Corvidae
東方寒鴉,Corvus dauuricus,Daurian Jackdaw,鴉科 Corvidae
家烏鴉,Corvus splendens,House Crow,鴉科 Corvidae
禿鼻鴉,Corvus frugilegus,Rook,鴉科 Corvidae
小嘴烏鴉,Corvus corone,Carrion Crow,鴉科 Corvidae
巨嘴鴉,Corvus macrorhynchos,Large-billed Crow,鴉科 Corvidae
玉頸鴉,Corvus pectoralis,Collared Crow,鴉科 Corvidae
方尾鶲,Culicicapa ceylonensis,Gray-headed Canary-Flycatcher,細嘴鶲科 Stenostiridae
煤山雀,Periparus ater,Coal Tit,山雀科 Paridae
黃腹山雀,Periparus venustulus,Yellow-bellied Tit,山雀科 Paridae
赤腹山雀,Sittiparus castaneoventris,Chestnut-bellied Tit,山雀科 Paridae
雜色山雀,Sittiparus varius,Varied Tit,山雀科 Paridae
青背山雀,Parus monticolus,Green-backed Tit,山雀科 Paridae
白頰山雀,Parus minor,Japanese Tit,山雀科 Paridae
黃山雀,Machlolophus holsti,Taiwan Yellow Tit,山雀科 Paridae
攀雀,Remiz consobrinus,Chinese Penduline-Tit,攀雀科 Remizidae
賽氏短趾百靈,Calandrella dukhunensis,Sykes's Short-toed Lark,百靈科 Alaudidae
亞洲短趾百靈,Alaudala cheleensis,Asian Short-toed Lark,百靈科 Alaudidae
歐亞雲雀,Alauda arvensis,Eurasian Skylark,百靈科 Alaudidae
小雲雀,Alauda gulgula,Oriental Skylark,百靈科 Alaudidae
斑紋鷦鶯,Prinia crinigera,Striated Prinia,扇尾鶯科 Cisticolidae
灰頭鷦鶯,Prinia flaviventris,Yellow-bellied Prinia,扇尾鶯科 Cisticolidae
褐頭鷦鶯,Prinia inornata,Plain Prinia,扇尾鶯科 Cisticolidae
棕扇尾鶯,Cisticola juncidis,Zitting Cisticola,扇尾鶯科 Cisticolidae
黃頭扇尾鶯,Cisticola exilis,Golden-headed Cisticola,扇尾鶯科 Cisticolidae
厚嘴葦鶯 ,Arundinax aedon,Thick-billed Warbler,葦鶯科 Acrocephalidae
靴籬鶯,Iduna caligata,Booted Warbler,葦鶯科 Acrocephalidae
雙眉葦鶯,Acrocephalus bistrigiceps,Black-browed Reed Warbler,葦鶯科 Acrocephalidae
細紋葦鶯,Acrocephalus sorghophilus,Streaked Reed Warbler,葦鶯科 Acrocephalidae
稻田葦鶯,Acrocephalus agricola,Paddyfield Warbler,葦鶯科 Acrocephalidae
鈍翅葦鶯,Acrocephalus concinens,Blunt-winged Warbler,葦鶯科 Acrocephalidae
遠東葦鶯,Acrocephalus tangorum,Manchurian Reed Warbler,葦鶯科 Acrocephalidae
布氏葦鶯,Acrocephalus dumetorum,Blyth's Reed Warbler,葦鶯科 Acrocephalidae
東方大葦鶯,Acrocephalus orientalis,Oriental Reed Warbler,葦鶯科 Acrocephalidae
蒼眉蝗鶯,Locustella fasciolata,Gray's Grasshopper-Warbler,蝗鶯科 Locustellidae
庫頁島蝗鶯,Locustella amnicola,Sakhalin Grasshopper-Warbler,蝗鶯科 Locustellidae
小蝗鶯,Locustella certhiola,Pallas's Grasshopper-Warbler,蝗鶯科 Locustellidae
北蝗鶯,Locustella ochotensis,Middendorff's Grasshopper-Warbler,蝗鶯科 Locustellidae
史氏蝗鶯,Locustella pleskei,Pleske's Grasshopper-Warbler,蝗鶯科 Locustellidae
矛斑蝗鶯,Locustella lanceolata,Lanceolated Warbler,蝗鶯科 Locustellidae
台灣叢樹鶯,Locustella alishanensis,Taiwan Bush Warbler,蝗鶯科 Locustellidae
赤褐蝗鶯,Locustella mandelli,Russet Bush Warbler,蝗鶯科 Locustellidae
台灣鷦眉,Pnoepyga formosana,Taiwan Cupwing,鷦眉科 Pnoepygidae
棕沙燕,Riparia chinensis,Gray-throated Martin,燕科 Hirundinidae
灰沙燕,Riparia riparia,Bank Swallow,燕科 Hirundinidae
家燕,Hirundo rustica,Barn Swallow,燕科 Hirundinidae
洋燕,Hirundo tahitica,Pacific Swallow,燕科 Hirundinidae
金腰燕,Cecropis daurica,Red-rumped Swallow,燕科 Hirundinidae
赤腰燕,Cecropis striolata,Striated Swallow,燕科 Hirundinidae
白腹毛腳燕,Delichon urbicum,Common House-Martin,燕科 Hirundinidae
東方毛腳燕,Delichon dasypus,Asian House-Martin,燕科 Hirundinidae
白環鸚嘴鵯,Spizixos semitorques,Collared Finchbill,鵯科 Pycnonotidae
烏頭翁,Pycnonotus taivanus,Styan's Bulbul,鵯科 Pycnonotidae
白頭翁,Pycnonotus sinensis,Light-vented Bulbul,鵯科 Pycnonotidae
白喉紅臀鵯,Pycnonotus aurigaster,Sooty-headed Bulbul,鵯科 Pycnonotidae
紅嘴黑鵯,Hypsipetes leucocephalus,Black Bulbul,鵯科 Pycnonotidae
棕耳鵯,Hypsipetes amaurotis,Brown-eared Bulbul,鵯科 Pycnonotidae
栗背短腳鵯,Hemixos castanonotus,Chestnut Bulbul,鵯科 Pycnonotidae
林柳鶯,Phylloscopus sibilatrix,Wood Warbler,柳鶯科 Phylloscopidae
黃眉柳鶯,Phylloscopus inornatus,Yellow-browed Warbler,柳鶯科 Phylloscopidae
淡眉柳鶯,Phylloscopus humei,Hume's Warbler,柳鶯科 Phylloscopidae
雲南柳鶯,Phylloscopus yunnanensis,Chinese Leaf Warbler,柳鶯科 Phylloscopidae
黃腰柳鶯,Phylloscopus proregulus,Pallas's Leaf Warbler,柳鶯科 Phylloscopidae
巨嘴柳鶯,Phylloscopus schwarzi,Radde's Warbler,柳鶯科 Phylloscopidae
棕眉柳鶯,Phylloscopus armandii,Yellow-streaked Warbler,柳鶯科 Phylloscopidae
黃腹柳鶯,Phylloscopus affinis,Tickell's Leaf Warbler,柳鶯科 Phylloscopidae
褐色柳鶯,Phylloscopus fuscatus,Dusky Warbler,柳鶯科 Phylloscopidae
棕腹柳鶯,Phylloscopus subaffinis,Buff-throated Warbler,柳鶯科 Phylloscopidae
歐亞柳鶯,Phylloscopus trochilus,Willow Warbler,柳鶯科 Phylloscopidae
嘰喳柳鶯,Phylloscopus collybita,Common Chiffchaff,柳鶯科 Phylloscopidae
冠羽柳鶯,Phylloscopus coronatus,Eastern Crowned Warbler,柳鶯科 Phylloscopidae
飯島柳鶯,Phylloscopus ijimae,Ijima's Leaf Warbler,柳鶯科 Phylloscopidae
白眶鶲鶯,Phylloscopus intermedius,White-spectacled Warbler,柳鶯科 Phylloscopidae
比氏鶲鶯,Phylloscopus valentini,Bianchi's Warbler,柳鶯科 Phylloscopidae
淡尾鶲鶯,Phylloscopus soror,Alström's Warbler,柳鶯科 Phylloscopidae
暗綠柳鶯,Phylloscopus trochiloides,Greenish Warbler,柳鶯科 Phylloscopidae
雙斑綠柳鶯,Phylloscopus plumbeitarsus,Two-barred Warbler,柳鶯科 Phylloscopidae
淡腳柳鶯,Phylloscopus tenellipes,Pale-legged Leaf Warbler,柳鶯科 Phylloscopidae
庫頁島柳鶯,Phylloscopus borealoides,Sakhalin Leaf Warbler,柳鶯科 Phylloscopidae
日本柳鶯,Phylloscopus xanthodryas,Japanese Leaf Warbler,柳鶯科 Phylloscopidae
極北柳鶯,Phylloscopus borealis,Arctic Warbler,柳鶯科 Phylloscopidae
勘察加柳鶯,Phylloscopus examinandus,Kamchatka Leaf Warbler,柳鶯科 Phylloscopidae
栗頭鶲鶯,Phylloscopus castaniceps,Chestnut-crowned Warbler,柳鶯科 Phylloscopidae
黑眉柳鶯,Phylloscopus ricketti,Sulphur-breasted Warbler,柳鶯科 Phylloscopidae
克氏冠紋柳鶯,Phylloscopus claudiae,Claudia's Leaf Warbler,柳鶯科 Phylloscopidae
哈氏冠紋柳鶯,Phylloscopus goodsoni,Hartert's Leaf Warbler,柳鶯科 Phylloscopidae
短尾鶯,Urosphena squameiceps,Asian Stubtail,樹鶯科 Scotocercidae
棕面鶯,Abroscopus albogularis,Rufous-faced Warbler,樹鶯科 Scotocercidae
日本樹鶯,Horornis diphone,Japanese Bush Warbler,樹鶯科 Scotocercidae
遠東樹鶯,Horornis canturians,Manchurian Bush Warbler,樹鶯科 Scotocercidae
小鶯,Horornis fortipes,Brownish-flanked Bush Warbler,樹鶯科 Scotocercidae
深山鶯,Horornis acanthizoides,Yellowish-bellied Bush Warbler,樹鶯科 Scotocercidae
紅頭山雀,Aegithalos concinnus,Black-throated Tit,長尾山雀科 Aegithalidae
漠地林鶯,Sylvia nana,Asian Desert Warbler,鶯科 Sylviidae
白喉林鶯,Sylvia curruca,Lesser Whitethroat,鶯科 Sylviidae
褐頭花翼,Fulvetta formosana,Taiwan Fulvetta,鶯科 Sylviidae
粉紅鸚嘴,Sinosuthora webbiana,Vinous-throated Parrotbill,鶯科 Sylviidae
黃羽鸚嘴,Suthora verreauxi,Golden Parrotbill,鶯科 Sylviidae
栗耳鳳鶥,Yuhina torqueola,Indochinese Yuhina,繡眼科 Zosteropidae
冠羽畫眉,Yuhina brunneiceps,Taiwan Yuhina,繡眼科 Zosteropidae
紅脇繡眼,Zosterops erythropleurus,Chestnut-flanked White-eye,繡眼科 Zosteropidae
日菲繡眼,Zosterops japonicus,Warbling White-eye,繡眼科 Zosteropidae
斯氏繡眼,Zosterops simplex,Swinhoe's White-eye,繡眼科 Zosteropidae
低地繡眼,Zosterops meyeni,Lowland White-eye,繡眼科 Zosteropidae
山紅頭,Cyanoderma ruficeps,Rufous-capped Babbler,畫眉科 Timaliidae
小彎嘴,Pomatorhinus musicus,Taiwan Scimitar-Babbler,畫眉科 Timaliidae
大彎嘴,Megapomatorhinus erythrocnemis,Black-necklaced Scimitar-Babbler,畫眉科 Timaliidae
頭烏線,Schoeniparus brunneus,Dusky Fulvetta,雀眉科 Pellorneidae 
繡眼畫眉,Alcippe morrisonia,Morrison's Fulvetta,噪眉科 Leiothrichidae
黑臉噪鶥,Garrulax perspicillatus,Masked Laughingthrush,噪眉科 Leiothrichidae
大陸畫眉,Garrulax canorus,Chinese Hwamei,噪眉科 Leiothrichidae
台灣畫眉,Garrulax taewanus,Taiwan Hwamei,噪眉科 Leiothrichidae
台灣白喉噪眉,Ianthocincla ruficeps,Rufous-crowned Laughingthrush,噪眉科 Leiothrichidae
黑喉噪眉,Ianthocincla chinensis,Black-throated Laughingthrush,噪眉科 Leiothrichidae
棕噪眉,Ianthocincla poecilorhyncha,Rusty Laughingthrush,噪眉科 Leiothrichidae
台灣噪眉,Trochalopteron morrisonianum,White-whiskered Laughingthrush,噪眉科 Leiothrichidae
白耳畫眉,Heterophasia auricularis,White-eared Sibia,噪眉科 Leiothrichidae
黃胸藪眉,Liocichla steerii,Steere's Liocichla,噪眉科 Leiothrichidae
紋翼畫眉,Actinodura morrisoniana,Taiwan Barwing,噪眉科 Leiothrichidae
戴菊鳥,Regulus regulus,Goldcrest,戴菊科 Regulidae
火冠戴菊鳥,Regulus goodfellowi,Flamecrest,戴菊科 Regulidae
茶腹鳾,Sitta europaea,Eurasian Nuthatch,鳾科 Sittidae
鷦鷯,Troglodytes troglodytes,Eurasian Wren,鷦鷯科 Troglodytidae
河烏,Cinclus pallasii,Brown Dipper,河烏科 Cinclidae
亞洲輝椋鳥,Aplonis panayensis,Asian Glossy Starling,八哥科 Sturnidae
歐洲椋鳥,Sturnus vulgaris,European Starling,八哥科 Sturnidae
粉紅椋鳥,Pastor roseus,Rosy Starling,八哥科 Sturnidae
北椋鳥,Agropsar sturninus,Daurian Starling,八哥科 Sturnidae
小椋鳥,Agropsar philippensis,Chestnut-cheeked Starling,八哥科 Sturnidae
黑領椋鳥,Gracupica nigricollis,Black-collared Starling,八哥科 Sturnidae
灰背椋鳥,Sturnia sinensis,White-shouldered Starling,八哥科 Sturnidae
灰頭椋鳥,Sturnia malabarica,Chestnut-tailed Starling,八哥科 Sturnidae
絲光椋鳥,Spodiopsar sericeus,Red-billed Starling,八哥科 Sturnidae
灰椋鳥,Spodiopsar cineraceus,White-cheeked Starling,八哥科 Sturnidae
家八哥,Acridotheres tristis,Common Myna,八哥科 Sturnidae
林八哥,Acridotheres fuscus,Jungle Myna,八哥科 Sturnidae
白尾八哥,Acridotheres javanicus,Javan Myna,八哥科 Sturnidae
八哥,Acridotheres cristatellus,Crested Myna,八哥科 Sturnidae
白氏地鶇,Zoothera aurea,White's Thrush,鶇科 Turdidae
虎斑地鶇,Zoothera dauma,Scaly Thrush,鶇科 Turdidae
白眉地鶇,Geokichla sibirica,Siberian Thrush,鶇科 Turdidae
橙頭地鶇,Geokichla citrina,Orange-headed Thrush,鶇科 Turdidae
寶興歌鶇,Otocichla mupinensis,Chinese Thrush,鶇科 Turdidae
中國黑鶇,Turdus mandarinus,Chinese Blackbird,鶇科 Turdidae
白頭鶇,Turdus niveiceps,Taiwan Thrush,鶇科 Turdidae
烏灰鶇,Turdus cardis,Japanese Thrush,鶇科 Turdidae
灰背鶇,Turdus hortulorum,Gray-backed Thrush,鶇科 Turdidae
白眉鶇,Turdus obscurus,Eyebrowed Thrush,鶇科 Turdidae
赤腹鶇,Turdus chrysolaus,Brown-headed Thrush,鶇科 Turdidae
白腹鶇,Turdus pallidus,Pale Thrush,鶇科 Turdidae
黑頸鶇,Turdus atrogularis,Black-throated Thrush,鶇科 Turdidae
赤頸鶇,Turdus ruficollis,Red-throated Thrush,鶇科 Turdidae
斑點鶇,Turdus eunomus,Dusky Thrush,鶇科 Turdidae
紅尾鶇,Turdus naumanni,Naumann's Thrush,鶇科 Turdidae
灰斑鶲,Muscicapa griseisticta,Gray-streaked Flycatcher,鶲科 Muscicapidae
烏鶲,Muscicapa sibirica,Dark-sided Flycatcher,鶲科 Muscicapidae
紅尾鶲,Muscicapa ferruginea,Ferruginous Flycatcher,鶲科 Muscicapidae
寬嘴鶲,Muscicapa dauurica,Asian Brown Flycatcher,鶲科 Muscicapidae
褐胸鶲,Muscicapa muttui,Brown-breasted Flycatcher,鶲科 Muscicapidae
斑鶲,Muscicapa striata,Spotted Flycatcher,鶲科 Muscicapidae
鵲鴝,Copsychus saularis,Oriental Magpie-Robin,鶲科 Muscicapidae
白腰鵲鴝,Copsychus malabaricus,White-rumped Shama,鶲科 Muscicapidae
海南藍仙鶲,Cyornis hainanus,Hainan Blue Flycatcher,鶲科 Muscicapidae
山藍仙鶲,Cyornis banyumas,Hill Blue Flycatcher,鶲科 Muscicapidae
白喉林鶲,Cyornis brunneatus,Brown-chested Jungle-Flycatcher,鶲科 Muscicapidae
棕腹大仙鶲,Niltava davidi,Fujian Niltava,鶲科 Muscicapidae
棕腹仙鶲,Niltava sundara,Rufous-bellied Niltava,鶲科 Muscicapidae
黃腹琉璃,Niltava vivida,Vivid Niltava,鶲科 Muscicapidae
白腹琉璃,Cyanoptila cyanomelana,Blue-and-white Flycatcher,鶲科 Muscicapidae
琉璃藍鶲,Cyanoptila cumatilis,Zappey's Flycatcher,鶲科 Muscicapidae
銅藍鶲,Eumyias thalassinus,Verditer Flycatcher,鶲科 Muscicapidae
白喉短翅鶇,Brachypteryx leucophris,Lesser Shortwing,鶲科 Muscicapidae
小翼鶇,Brachypteryx goodfellowi,Taiwan Shortwing,鶲科 Muscicapidae
紅尾歌鴝,Larvivora sibilans,Rufous-tailed Robin,鶲科 Muscicapidae
日本歌鴝,Larvivora akahige,Japanese Robin,鶲科 Muscicapidae
琉球歌鴝,Larvivora komadori,Ryukyu Robin,鶲科 Muscicapidae
藍歌鴝,Larvivora cyane,Siberian Blue Robin,鶲科 Muscicapidae
藍喉鴝,Luscinia svecica,Bluethroat,鶲科 Muscicapidae
台灣紫嘯鶇,Myophonus insularis,Taiwan Whistling-Thrush,鶲科 Muscicapidae
白斑紫嘯鶇,Myophonus caeruleus,Blue Whistling-Thrush,鶲科 Muscicapidae
小剪尾,Enicurus scouleri,Little Forktail,鶲科 Muscicapidae
野鴝,Calliope calliope,Siberian Rubythroat,鶲科 Muscicapidae
白尾鴝,Myiomela leucura,White-tailed Robin,鶲科 Muscicapidae
藍尾鴝,Tarsiger cyanurus,Red-flanked Bluetail,鶲科 Muscicapidae
白眉林鴝,Tarsiger indicus,White-browed Bush-Robin,鶲科 Muscicapidae
栗背林鴝,Tarsiger johnstoniae,Collared Bush-Robin,鶲科 Muscicapidae
白眉鶲,Ficedula zanthopygia,Yellow-rumped Flycatcher,鶲科 Muscicapidae
黃眉黃鶲,Ficedula narcissina,Narcissus Flycatcher,鶲科 Muscicapidae
白眉黃鶲,Ficedula mugimaki,Mugimaki Flycatcher,鶲科 Muscicapidae
鏽胸藍姬鶲,Ficedula erithacus,Slaty-backed Flycatcher,鶲科 Muscicapidae
黃胸青鶲,Ficedula hyperythra,Snowy-browed Flycatcher,鶲科 Muscicapidae
橙胸姬鶲,Ficedula strophiata,Rufous-gorgeted Flycatcher,鶲科 Muscicapidae
紅喉鶲,Ficedula albicilla,Taiga Flycatcher,鶲科 Muscicapidae
紅胸鶲,Ficedula parva,Red-breasted Flycatcher,鶲科 Muscicapidae
藍額紅尾鴝,Phoenicurus frontalis,Blue-fronted Redstart,鶲科 Muscicapidae
鉛色水鶇,Phoenicurus fuliginosus,Plumbeous Redstart,鶲科 Muscicapidae
白頂溪鴝,Phoenicurus leucocephalus,White-capped Redstart,鶲科 Muscicapidae
赭紅尾鴝,Phoenicurus ochruros,Black Redstart,鶲科 Muscicapidae
黃尾鴝,Phoenicurus auroreus,Daurian Redstart,鶲科 Muscicapidae
白喉磯鶇,Monticola gularis,White-throated Rock-Thrush,鶲科 Muscicapidae
藍磯鶇,Monticola solitarius,Blue Rock-Thrush,鶲科 Muscicapidae
黑喉鴝,Saxicola maurus,Siberian Stonechat,鶲科 Muscicapidae
白斑黑石䳭,Saxicola caprata,Pied Bushchat,鶲科 Muscicapidae
灰叢鴝,Saxicola ferreus,Gray Bushchat,鶲科 Muscicapidae
穗䳭,Oenanthe oenanthe,Northern Wheatear,鶲科 Muscicapidae
沙䳭,Oenanthe isabellina,Isabelline Wheatear,鶲科 Muscicapidae
漠䳭,Oenanthe deserti,Desert Wheatear,鶲科 Muscicapidae
白頂䳭,Oenanthe pleschanka,Pied Wheatear,鶲科 Muscicapidae
黃連雀,Bombycilla garrulus,Bohemian Waxwing,連雀科 Bombycillidae
朱連雀,Bombycilla japonica,Japanese Waxwing,連雀科 Bombycillidae
綠啄花,Dicaeum minullum,Plain Flowerpecker,啄花科 Dicaeidae
紅胸啄花,Dicaeum ignipectus,Fire-breasted Flowerpecker,啄花科 Dicaeidae
黃腹花蜜鳥,Cinnyris jugularis,Olive-backed Sunbird,吸蜜鳥科 Nectariniidae
藍喉太陽鳥,Aethopyga gouldiae,Mrs. Gould's Sunbird,吸蜜鳥科 Nectariniidae
叉尾太陽鳥,Aethopyga christinae,Fork-tailed Sunbird,吸蜜鳥科 Nectariniidae
橙頰梅花雀,Estrilda melpoda,Orange-cheeked Waxbill,梅花雀科 Estrildidae
白喉文鳥,Euodice malabarica,Indian Silverbill,梅花雀科 Estrildidae
白腰文鳥,Lonchura striata,White-rumped Munia,梅花雀科 Estrildidae
斑文鳥,Lonchura punctulata,Scaly-breasted Munia,梅花雀科 Estrildidae
黑頭文鳥,Lonchura atricapilla,Chestnut Munia,梅花雀科 Estrildidae
岩鷚,Prunella collaris,Alpine Accentor,岩鷚科 Prunellidae
棕眉山岩鷚,Prunella montanella,Siberian Accentor,岩鷚科 Prunellidae
家麻雀,Passer domesticus,House Sparrow,麻雀科 Passeridae
山麻雀,Passer cinnamomeus,Russet Sparrow,麻雀科 Passeridae
麻雀,Passer montanus,Eurasian Tree Sparrow,麻雀科 Passeridae
山鶺鴒,Dendronanthus indicus,Forest Wagtail,鶺鴒科 Motacillidae
灰鶺鴒,Motacilla cinerea,Gray Wagtail,鶺鴒科 Motacillidae
西方黃鶺鴒,Motacilla flava,Western Yellow Wagtail,鶺鴒科 Motacillidae
東方黃鶺鴒,Motacilla tschutschensis,Eastern Yellow Wagtail,鶺鴒科 Motacillidae
黃頭鶺鴒,Motacilla citreola,Citrine Wagtail,鶺鴒科 Motacillidae
日本鶺鴒,Motacilla grandis,Japanese Wagtail,鶺鴒科 Motacillidae
白鶺鴒,Motacilla alba,White Wagtail,鶺鴒科 Motacillidae
大花鷚,Anthus richardi,Richard's Pipit,鶺鴒科 Motacillidae
稻田鷚,Anthus rufulus,Paddyfield Pipit,鶺鴒科 Motacillidae
布萊氏鷚,Anthus godlewskii,Blyth's Pipit,鶺鴒科 Motacillidae
草地鷚,Anthus pratensis,Meadow Pipit,鶺鴒科 Motacillidae
粉紅胸鷚,Anthus roseatus,Rosy Pipit,鶺鴒科 Motacillidae
林鷚,Anthus trivialis,Tree Pipit,鶺鴒科 Motacillidae
樹鷚,Anthus hodgsoni,Olive-backed Pipit,鶺鴒科 Motacillidae
白背鷚,Anthus gustavi,Pechora Pipit,鶺鴒科 Motacillidae
赤喉鷚,Anthus cervinus,Red-throated Pipit,鶺鴒科 Motacillidae
水鷚,Anthus spinoletta,Water Pipit,鶺鴒科 Motacillidae
黃腹鷚,Anthus rubescens,American Pipit,鶺鴒科 Motacillidae
花雀,Fringilla montifringilla,Brambling,雀科 Fringillidae
臘嘴雀,Coccothraustes coccothraustes,Hawfinch,雀科 Fringillidae
小桑鳲,Eophona migratoria,Yellow-billed Grosbeak,雀科 Fringillidae
桑鳲,Eophona personata,Japanese Grosbeak,雀科 Fringillidae
普通朱雀,Carpodacus erythrinus,Common Rosefinch,雀科 Fringillidae
台灣朱雀,Carpodacus formosanus,Taiwan Rosefinch,雀科 Fringillidae
北朱雀,Carpodacus roseus,Pallas's Rosefinch,雀科 Fringillidae
褐鷽,Pyrrhula nipalensis,Brown Bullfinch,雀科 Fringillidae
灰鷽,Pyrrhula erythaca,Gray-headed Bullfinch,雀科 Fringillidae
歐亞鷽,Pyrrhula pyrrhula,Eurasian Bullfinch,雀科 Fringillidae
金翅雀,Chloris sinica,Oriental Greenfinch,雀科 Fringillidae
赤胸朱頂雀,Linaria cannabina,Eurasian Linnet,雀科 Fringillidae
普通朱頂雀,Acanthis flammea,Common Redpoll,雀科 Fringillidae
紅交嘴雀,Loxia curvirostra,Red Crossbill,雀科 Fringillidae
黃雀,Spinus spinus,Eurasian Siskin,雀科 Fringillidae
鐵爪鵐,Calcarius lapponicus,Lapland Longspur,鐵爪鵐科 Calcariidae
雪鵐,Plectrophenax nivalis,Snow Bunting,鐵爪鵐科 Calcariidae
冠鵐,Emberiza lathami,Crested Bunting,鵐科 Emberizidae
黑頭鵐,Emberiza melanocephala,Black-headed Bunting,鵐科 Emberizidae
褐頭鵐,Emberiza bruniceps,Red-headed Bunting,鵐科 Emberizidae
赤胸鵐,Emberiza fucata,Chestnut-eared Bunting,鵐科 Emberizidae
草鵐,Emberiza cioides,Meadow Bunting,鵐科 Emberizidae
白頂鵐,Emberiza stewarti,White-capped Bunting,鵐科 Emberizidae
白頭鵐,Emberiza leucocephalos,Pine Bunting,鵐科 Emberizidae
黃喉鵐,Emberiza elegans,Yellow-throated Bunting,鵐科 Emberizidae
紅頸葦鵐,Emberiza yessoensis,Ochre-rumped Bunting,鵐科 Emberizidae
葦鵐,Emberiza pallasi,Pallas's Bunting,鵐科 Emberizidae
蘆鵐,Emberiza schoeniclus,Reed Bunting,鵐科 Emberizidae
金鵐,Emberiza aureola,Yellow-breasted Bunting,鵐科 Emberizidae
小鵐,Emberiza pusilla,Little Bunting,鵐科 Emberizidae
田鵐,Emberiza rustica,Rustic Bunting,鵐科 Emberizidae
野鵐,Emberiza sulphurata,Yellow Bunting,鵐科 Emberizidae
黑臉鵐,Emberiza spodocephala,Black-faced Bunting,鵐科 Emberizidae
鏽鵐,Emberiza rutila,Chestnut Bunting,鵐科 Emberizidae
黃眉鵐,Emberiza chrysophrys,Yellow-browed Bunting,鵐科 Emberizidae
白眉鵐,Emberiza tristrami,Tristram's Bunting,鵐科 Emberizidae
灰鵐,Emberiza variabilis,Gray Bunting,鵐科 Emberizidae
稀樹草鵐,Passerculus sandwichensis,Savannah Sparrow,雀鵐科 Passerellidae
小加拿大雁,Branta hutchinsii ,Cackling Goose,雁鴨科 Anatidae
大紅鸛,Phoenicopterus roseus,Greater Flamingo,紅鶴科 Phoenicopteridae
喜馬拉雅中杜鵑,Cuculus saturatus,Himalayan Cuckoo,杜鵑科 Cuculidae
灰腰金絲燕,Collocalia marginata,Gray-rumped Swiftlet,雨燕科 Apodidae 
傑曼氏金絲燕,Aerodramus germani,Germain's Swiftlet,雨燕科 Apodidae 
日本叉尾海燕,Oceanodroma matsudairae,Matsudaira's Storm-Petrel,海燕科 Hydrobatidae
克島圓尾穴鳥,Pterodroma neglecta,Kermadec Petrel,鸌科 Procellariidae
褐耳鷹,Accipiter badius,Shikra,鷹科 Accipitridae
鵰鴞,Bubo bubo,Eurasian Eagle-Owl,鴟鴞科 Strigidae
黃爪隼,Falco naumanni,Lesser Kestrel,隼科 Falconidae
白胸燕鵙,Artamus leucorynchus,White-breasted Woodswallow,燕鵙科 Artamidae
蒙古百靈,Melanocorypha mongolica,Mongolian Lark,百靈科 Alaudidae
褐頭鶇,Turdus feae,Gray-sided Thrush,鶇科 Turdidae
酒紅朱雀,Carpodacus vinaceus,Vinaceous Rosefinch,雀科 Fringillidae
斑馬鳩,Geopelia striata,Zebra Dove,鳩鴿科 Columbidae
葵花鳳頭鸚鵡,Cacatua galerita,Sulphur-crested Cockatoo,鳳頭鸚鵡科 Cacatuidae
紅領綠鸚鵡,Psittacula krameri,Rose-ringed Parakeet,鸚鵡科 Psittacidae
紅耳鵯,Pycnonotus jocosus,Red-whiskered Bulbul,鵯科 Pycnonotidae
白頰噪眉,Ianthocincla sannio,White-browed Laughingthrush,噪眉科 Leiothrichidae
葡萄胸椋鳥,Acridotheres burmannicus,Vinous-breasted Starling,八哥科 Sturnidae
黑頭織雀,Ploceus cucullatus,Village Weaver,織布鳥科 Ploceidae
橫斑梅花雀,Estrilda astrild,Common Waxbill,梅花雀科 Estrildidae
